timestamp,anno,trimestre,materia,pagina,scaricati,skip_server,skip_local,skip_meta
2026-07-14 16:01:01,2025,1,A010,1,0,0,0,0
2026-07-14 16:06:17,2025,1,A010,1,10,0,0,0
2026-07-14 16:21:13,2025,1,D040,1,10,0,0,0
2026-07-14 16:24:22,2025,1,D040,1,0,0,10,0
2026-07-14 16:25:14,2025,1,D040,2,9,0,1,0
2026-07-14 16:33:16,2025,1,D040,1,0,0,10,0
2026-07-14 16:33:17,2025,1,D040,2,0,0,10,0
2026-07-14 16:34:06,2025,1,D040,3,10,0,0,0
2026-07-14 16:43:54,2025,1,E010,1,10,0,0,0
2026-07-14 16:54:40,2025,1,H010,1,10,0,0,0
2026-07-14 17:06:10,2025,1,C050,1,4,4,0,0
2026-07-14 17:15:41,2025,1,B090,1,10,0,0,0
2026-07-14 17:27:17,2025,1,A020,1,9,0,1,0
2026-07-14 17:36:56,2025,1,B010,1,6,0,4,0
2026-07-15 09:34:42,2025,1,D040,1,0,0,10,0
2026-07-15 09:34:45,2025,1,D040,2,0,0,10,0
2026-07-15 09:34:53,2025,1,D040,3,0,0,10,0
2026-07-15 09:35:51,2025,1,D040,4,10,0,0,0
2026-07-15 09:36:52,2025,1,D040,5,10,0,0,0
2026-07-15 09:37:49,2025,1,D040,6,10,0,0,0
2026-07-15 09:39:32,2025,1,D040,-1,8,0,0,0
2026-07-15 09:39:54,2025,1,E010,1,0,0,10,0
2026-07-15 09:40:31,2025,1,E010,2,10,0,0,0
2026-07-15 09:40:32,2025,1,E010,3,0,0,0,0
2026-07-15 09:41:17,2025,1,E010,4,10,0,0,0
2026-07-15 09:41:19,2025,1,E010,5,0,0,0,0
2026-07-15 09:41:21,2025,1,E010,6,0,0,0,0
2026-07-15 09:42:03,2025,1,E010,7,9,0,0,0
2026-07-15 09:42:04,2025,1,E010,8,0,0,0,0
2026-07-15 09:42:43,2025,1,E010,9,10,0,0,0
2026-07-15 09:42:45,2025,1,E010,10,0,0,0,0
2026-07-15 09:43:16,2025,1,E010,11,9,0,0,0
2026-07-15 09:43:50,2025,1,E010,12,10,0,0,0
2026-07-15 09:44:23,2025,1,E010,13,10,0,0,0
2026-07-15 09:44:58,2025,1,E010,14,10,0,0,0
2026-07-15 09:45:26,2025,1,E010,15,9,0,0,0
2026-07-15 09:45:56,2025,1,E010,16,9,0,0,0
2026-07-15 09:46:03,2025,1,E010,17,2,7,0,0
2026-07-15 09:46:05,2025,1,E010,18,0,8,0,0
2026-07-15 09:46:06,2025,1,E010,19,0,9,0,0
2026-07-15 09:46:07,2025,1,E010,20,0,10,0,0
2026-07-15 09:46:09,2025,1,E010,21,0,10,0,0
2026-07-15 09:46:10,2025,1,E010,22,0,9,0,0
2026-07-15 09:46:12,2025,1,E010,23,0,10,0,0
2026-07-15 09:46:54,2025,1,E030,1,10,0,0,0
2026-07-15 09:47:28,2025,1,E030,2,10,0,0,0
2026-07-15 09:47:39,2025,1,E030,3,3,7,0,0
2026-07-15 09:48:20,2025,1,D010,1,9,0,0,0
2026-07-15 09:48:51,2025,1,D010,2,10,0,0,0
2026-07-15 09:49:19,2025,1,D010,3,8,0,0,0
2026-07-15 09:49:51,2025,1,D010,4,8,0,0,0
2026-07-15 09:50:27,2025,1,D010,5,10,0,0,0
2026-07-15 09:51:46,2025,1,D010,-1,7,0,0,0
2026-07-15 09:57:39,2025,1,C040,1,10,0,0,0
2026-07-15 09:58:34,2025,1,C040,2,9,0,1,0
2026-07-15 09:59:59,2025,1,C040,-1,8,0,0,0
2026-07-15 10:15:24,2025,4,E030,1,10,0,0,0
2026-07-15 10:16:06,2025,4,E030,2,7,0,0,0
2026-07-15 10:17:35,2025,4,D010,1,10,0,0,0
2026-07-15 10:18:41,2025,4,D010,2,10,0,0,0
2026-07-15 10:19:47,2025,4,D010,3,10,0,0,0
2026-07-15 10:20:44,2025,4,D010,4,9,0,0,0
2026-07-15 10:21:36,2025,4,D010,-1,1,0,0,0
2026-07-15 10:32:38,2025,1,D040,1,9,0,1,0
2026-07-15 10:35:01,2025,1,D040,1,0,0,10,0
2026-07-15 10:35:02,2025,1,D040,2,0,0,10,0
2026-07-15 10:35:05,2025,1,D040,3,0,0,10,0
2026-07-15 10:35:08,2025,1,D040,4,0,0,10,0
2026-07-15 10:35:17,2025,1,D040,5,0,0,10,0
2026-07-15 10:35:20,2025,1,D040,6,0,0,10,0
2026-07-15 10:35:39,2025,1,D040,7,2,0,8,0
2026-07-15 10:36:41,2025,1,D040,8,10,0,0,0
2026-07-15 10:37:27,2025,1,D040,9,10,0,0,0
2026-07-15 10:38:17,2025,1,D040,10,10,0,0,0
2026-07-15 10:39:19,2025,1,D040,11,10,0,0,0
2026-07-15 10:40:17,2025,1,D040,12,10,0,0,0
2026-07-15 10:41:26,2025,1,D040,13,10,0,0,0
2026-07-15 10:42:32,2025,1,D040,14,10,0,0,0
2026-07-15 10:43:30,2025,1,D040,15,10,0,0,0
2026-07-15 10:44:24,2025,1,D040,16,10,0,0,0
2026-07-15 10:45:21,2025,1,D040,17,10,0,0,0
2026-07-15 10:50:11,2025,1,D040,17,0,0,10,0
2026-07-15 10:50:46,2025,1,D040,18,10,0,0,0
2026-07-15 10:51:18,2025,1,D040,19,10,0,0,0
2026-07-15 10:51:48,2025,1,D040,20,10,0,0,0
2026-07-15 10:51:49,2025,1,D040,21,0,0,0,0
2026-07-15 10:52:18,2025,1,D040,22,10,0,0,0
2026-07-15 10:52:47,2025,1,D040,23,10,0,0,0
2026-07-15 10:53:16,2025,1,D040,24,10,0,0,0
2026-07-15 10:53:44,2025,1,D040,25,10,0,0,0
2026-07-15 10:54:14,2025,1,D040,26,10,0,0,0
2026-07-15 10:54:41,2025,1,D040,27,10,0,0,0
2026-07-15 10:55:13,2025,1,D040,28,10,0,0,0
2026-07-15 10:55:42,2025,1,D040,29,10,0,0,0
2026-07-15 10:56:12,2025,1,D040,30,10,0,0,0
2026-07-15 10:56:41,2025,1,D040,31,10,0,0,0
2026-07-15 10:57:11,2025,1,D040,32,10,0,0,0
2026-07-15 10:57:42,2025,1,D040,33,10,0,0,0
2026-07-15 10:58:12,2025,1,D040,34,10,0,0,0
2026-07-15 10:58:43,2025,1,D040,35,10,0,0,0
2026-07-15 10:59:06,2025,1,D040,36,8,0,0,0
2026-07-15 10:59:38,2025,1,D040,37,10,0,0,0
2026-07-15 11:00:09,2025,1,D040,38,10,0,0,0
2026-07-15 11:00:10,2025,1,D040,39,0,0,0,0
2026-07-15 11:00:40,2025,1,D040,40,10,0,0,0
2026-07-15 11:00:42,2025,1,D040,41,0,0,0,0
2026-07-15 11:01:13,2025,1,D040,42,10,0,0,0
2026-07-15 11:01:45,2025,1,D040,43,10,0,0,0
2026-07-15 11:01:47,2025,1,D040,44,0,0,0,0
2026-07-15 11:02:18,2025,1,D040,45,10,0,0,0
2026-07-15 11:02:53,2025,1,D040,46,10,0,0,0
2026-07-15 11:03:31,2025,1,D040,47,10,0,0,0
2026-07-15 11:03:32,2025,1,D040,48,0,0,0,0
2026-07-15 11:04:07,2025,1,D040,49,10,0,0,0
2026-07-15 11:04:08,2025,1,D040,50,0,0,0,0
2026-07-15 11:04:45,2025,1,D040,51,10,0,0,0
2026-07-15 11:05:18,2025,1,D040,52,10,0,0,0
2026-07-15 11:05:53,2025,1,D040,53,10,0,0,0
2026-07-15 11:05:55,2025,1,D040,54,0,0,0,0
2026-07-15 11:06:31,2025,1,D040,55,10,0,0,0
2026-07-15 11:07:11,2025,1,D040,56,10,0,0,0
2026-07-15 11:07:12,2025,1,D040,57,0,0,0,0
2026-07-15 11:07:50,2025,1,D040,58,10,0,0,0
2026-07-15 11:07:51,2025,1,D040,59,0,0,0,0
2026-07-15 11:08:29,2025,1,D040,60,9,0,0,0
2026-07-15 11:09:09,2025,1,D040,61,9,0,0,0
2026-07-15 11:09:48,2025,1,D040,62,10,0,0,0
2026-07-15 11:09:49,2025,1,D040,63,0,0,0,0
2026-07-15 11:10:31,2025,1,D040,64,10,0,0,0
2026-07-15 11:11:08,2025,1,D040,65,10,0,0,0
2026-07-15 11:11:55,2025,1,D040,-1,5,0,0,0
2026-07-15T11:20:40,2025,1,D040,7,0,0,10,0
2026-07-15T11:28:29,2025,1,D040,7,0,0,10,0
2026-07-15T11:44:13,2025,1,D040,66,5,0,5,0
2026-07-15T11:44:42,2025,1,D040,67,10,0,0,0
2026-07-15T11:45:16,2025,1,D040,68,10,0,0,0
2026-07-15T11:45:48,2025,1,D040,69,10,0,0,0
2026-07-15T11:46:22,2025,1,D040,70,10,0,0,0
2026-07-15T11:46:23,2025,1,D040,71,0,0,0,10
2026-07-15T11:46:24,2025,1,D040,72,0,0,0,10
2026-07-15T12:01:24,2025,2,D040,1,0,0,10,0
2026-07-15T12:01:53,2025,2,D040,2,8,0,2,0
2026-07-15T12:03:21,2025,1,E020,1,10,0,0,0
2026-07-15T12:11:26,2025,1,E020,1,0,0,10,0
2026-07-15T12:12:52,2025,1,E020,1,10,0,0,0
2026-07-15T12:19:50,2025,1,E020,1,0,0,10,0
2026-07-15T12:19:52,2025,1,E020,2,0,0,10,0
2026-07-15T12:20:00,2025,2,D040,2,0,0,10,0
2026-07-15T12:20:45,2025,1,E020,3,10,0,0,0
2026-07-15T12:21:02,2025,2,D040,3,10,0,0,0
2026-07-15T14:12:11,S1,1,S1 gen-giu,2025,1,E020,3,0,0,10,0
2026-07-15T14:12:24,S2,2,S2 lug-dic,2025,2,D040,3,0,0,10,0
2026-07-15T14:13:08,S1,1,S1 gen-giu,2025,1,E020,4,10,0,0,0
2026-07-15T14:13:16,S1,1,S1 gen-giu,2025,1,E020,5,1,7,0,0
2026-07-15T14:13:20,S2,2,S2 lug-dic,2025,2,D040,4,10,0,0,0
2026-07-15T14:14:25,S2,2,S2 lug-dic,2025,2,D040,5,10,0,0,0
2026-07-15T14:14:25,S1,1,S1 gen-giu,2025,1,E010,1,10,0,0,0
2026-07-15T14:15:13,S1,1,S1 gen-giu,2025,1,E010,2,8,0,0,2
2026-07-15T14:15:20,S2,2,S2 lug-dic,2025,2,D040,6,10,0,0,0
2026-07-15T14:16:06,S1,1,S1 gen-giu,2025,1,E010,3,10,0,0,0
2026-07-15T14:16:17,S2,2,S2 lug-dic,2025,2,D040,7,10,0,0,0
2026-07-15T14:17:00,S1,1,S1 gen-giu,2025,1,E010,4,10,0,0,0
2026-07-15T14:17:17,S2,2,S2 lug-dic,2025,2,D040,8,10,0,0,0
2026-07-15T14:18:00,S1,1,S1 gen-giu,2025,1,E010,5,9,0,0,1
2026-07-15T14:18:16,S2,2,S2 lug-dic,2025,2,D040,9,10,0,0,0
2026-07-15T14:19:03,S1,1,S1 gen-giu,2025,1,E010,6,10,0,0,0
2026-07-15T14:19:12,S2,2,S2 lug-dic,2025,2,D040,10,10,0,0,0
2026-07-15T14:20:07,S1,1,S1 gen-giu,2025,1,E010,7,10,0,0,0
2026-07-15T14:20:21,S2,2,S2 lug-dic,2025,2,D040,11,10,0,0,0
2026-07-15T14:21:14,S1,1,S1 gen-giu,2025,1,E010,8,10,0,0,0
2026-07-15T14:21:25,S2,2,S2 lug-dic,2025,2,D040,12,10,0,0,0
2026-07-15T14:22:18,S1,1,S1 gen-giu,2025,1,E010,9,10,0,0,0
2026-07-15T14:22:24,S2,2,S2 lug-dic,2025,2,D040,13,10,0,0,0
2026-07-15T14:23:22,S1,1,S1 gen-giu,2025,1,E010,10,10,0,0,0
2026-07-15T14:23:32,S2,2,S2 lug-dic,2025,2,D040,14,10,0,0,0
2026-07-15T14:26:14,S1,1,S1 gen-giu,2025,1,E010,1,0,0,10,0
2026-07-15T14:26:42,S2,2,S2 lug-dic,2025,2,D040,1,10,0,0,0
2026-07-15T14:27:05,S1,1,S1 gen-giu,2025,1,E010,1,0,0,10,0
2026-07-15T14:27:06,S1,1,S1 gen-giu,2025,1,E010,2,0,0,8,2
2026-07-15T14:28:23,S2,2,S2 lug-dic,2025,2,D040,1,0,0,10,0
2026-07-15T14:28:51,S2,2,S2 lug-dic,2025,2,D040,2,7,0,3,0
2026-07-15T14:28:57,S1,1,S1 gen-giu,2025,1,E010,1,0,0,10,0
2026-07-15T14:28:58,S1,1,S1 gen-giu,2025,1,E010,2,0,0,10,0
2026-07-15T14:28:59,S2,2,S2 lug-dic,2025,2,D040,3,0,0,10,0
2026-07-15T14:29:01,S2,2,S2 lug-dic,2025,2,D040,4,0,0,10,0
2026-07-15T14:29:04,S2,2,S2 lug-dic,2025,2,D040,5,0,0,10,0
2026-07-15T14:29:05,S2,2,S2 lug-dic,2025,2,D040,6,0,0,10,0
2026-07-15T14:29:07,S2,2,S2 lug-dic,2025,2,D040,7,0,0,10,0
2026-07-15T14:29:09,S2,2,S2 lug-dic,2025,2,D040,8,0,0,10,0
2026-07-15T14:29:12,S2,2,S2 lug-dic,2025,2,D040,9,0,0,10,0
2026-07-15T14:29:15,S2,2,S2 lug-dic,2025,2,D040,10,0,0,10,0
2026-07-15T14:29:16,S2,2,S2 lug-dic,2025,2,D040,11,0,0,10,0
2026-07-15T14:29:17,S2,2,S2 lug-dic,2025,2,D040,12,0,0,10,0
2026-07-15T14:29:19,S2,2,S2 lug-dic,2025,2,D040,13,0,0,10,0
2026-07-15T14:29:20,S2,2,S2 lug-dic,2025,2,D040,14,0,0,10,0
2026-07-15T14:29:53,S2,2,S2 lug-dic,2025,2,D040,15,10,0,0,0
2026-07-15T14:30:33,S2,2,S2 lug-dic,2025,2,D040,16,10,0,0,0
2026-07-15T14:30:36,S2,2,S2 lug-dic,2025,2,D040,17,0,0,0,10
2026-07-15T14:31:21,S2,2,S2 lug-dic,2025,2,D040,18,9,0,0,1
2026-07-15T14:32:22,S2,2,S2 lug-dic,2025,2,D040,19,10,0,0,0
2026-07-15T14:32:23,S2,2,S2 lug-dic,2025,2,D040,20,0,0,0,10
2026-07-15T14:32:59,S1,1,S1 gen-giu,2025,1,E010,1,0,0,10,0
2026-07-15T14:33:00,S1,1,S1 gen-giu,2025,1,E010,2,0,0,10,0
2026-07-15T14:33:02,S2,2,S2 lug-dic,2025,2,D040,21,10,0,0,0
2026-07-15T14:33:03,S1,1,S1 gen-giu,2025,1,E010,3,0,0,10,0
2026-07-15T14:33:05,S1,1,S1 gen-giu,2025,1,E010,4,0,0,10,0
2026-07-15T14:33:07,S1,1,S1 gen-giu,2025,1,E010,5,0,7,1,0
2026-07-15T14:33:38,S2,2,S2 lug-dic,2025,2,D040,22,10,0,0,0
2026-07-15T14:33:51,S1,1,S1 gen-giu,2025,1,E030,1,10,0,0,0
2026-07-15T14:34:17,S2,2,S2 lug-dic,2025,2,D040,23,10,0,0,0
2026-07-15T14:34:19,S1,1,S1 gen-giu,2025,1,E030,2,7,0,3,0
2026-07-15T14:34:19,S2,2,S2 lug-dic,2025,2,D040,24,0,0,0,10
2026-07-15T14:34:20,S1,1,S1 gen-giu,2025,1,E030,3,0,0,0,10
2026-07-15T14:34:21,S1,1,S1 gen-giu,2025,1,E030,4,0,0,10,0
2026-07-15T14:34:23,S1,1,S1 gen-giu,2025,1,E030,5,0,7,0,0
2026-07-15T14:34:57,S2,2,S2 lug-dic,2025,2,D040,25,10,0,0,0
2026-07-15T14:35:06,S1,1,S1 gen-giu,2025,1,D010,1,9,0,0,1
2026-07-15T14:35:33,S2,2,S2 lug-dic,2025,2,D040,26,10,0,0,0
2026-07-15T14:35:39,S1,1,S1 gen-giu,2025,1,D010,2,10,0,0,0
2026-07-15T14:36:13,S1,1,S1 gen-giu,2025,1,D010,3,9,0,0,1
2026-07-15T14:36:14,S2,2,S2 lug-dic,2025,2,D040,27,10,0,0,0
2026-07-15T14:36:47,S1,1,S1 gen-giu,2025,1,D010,4,10,0,0,0
2026-07-15T14:36:49,S1,1,S1 gen-giu,2025,1,D010,5,0,0,0,10
2026-07-15T14:36:55,S2,2,S2 lug-dic,2025,2,D040,28,10,0,0,0
2026-07-15T14:37:30,S1,1,S1 gen-giu,2025,1,D010,6,10,0,0,0
2026-07-15T14:37:32,S1,1,S1 gen-giu,2025,1,D010,7,0,0,0,10
2026-07-15T14:37:38,S2,2,S2 lug-dic,2025,2,D040,29,10,0,0,0
2026-07-15T14:37:40,S2,2,S2 lug-dic,2025,2,D040,30,0,0,0,10
2026-07-15T14:38:10,S1,1,S1 gen-giu,2025,1,D010,8,8,0,2,0
2026-07-15T14:38:12,S1,1,S1 gen-giu,2025,1,D010,9,0,0,0,10
2026-07-15T14:38:14,S1,1,S1 gen-giu,2025,1,D010,10,0,0,10,0
2026-07-15T14:38:14,S1,1,S1 gen-giu,2025,1,D010,11,0,0,8,2
2026-07-15T14:38:16,S1,1,S1 gen-giu,2025,1,D010,12,0,0,8,2
2026-07-15T14:38:17,S1,1,S1 gen-giu,2025,1,D010,13,0,0,10,0
2026-07-15T14:38:30,S2,2,S2 lug-dic,2025,2,D040,31,10,0,0,0
2026-07-15T14:38:38,S1,1,S1 gen-giu,2025,1,D010,14,5,0,5,0
2026-07-15T14:38:40,S1,1,S1 gen-giu,2025,1,D010,15,0,0,0,10
2026-07-15T14:38:41,S1,1,S1 gen-giu,2025,1,D010,16,0,10,0,0
2026-07-15T14:38:43,S1,1,S1 gen-giu,2025,1,D010,17,0,10,0,0
2026-07-15T14:38:44,S1,1,S1 gen-giu,2025,1,D010,18,0,8,0,2
2026-07-15T14:39:16,S2,2,S2 lug-dic,2025,2,D040,32,10,0,0,0
2026-07-15T14:39:17,S2,2,S2 lug-dic,2025,2,D040,33,0,0,0,10
2026-07-15T14:39:36,S1,1,S1 gen-giu,2025,1,B050,1,10,0,0,0
2026-07-15T14:40:15,S1,1,S1 gen-giu,2025,1,B050,2,10,0,0,0
2026-07-15T14:40:16,S1,1,S1 gen-giu,2025,1,B050,3,0,0,0,10
2026-07-15T14:40:18,S1,1,S1 gen-giu,2025,1,B050,4,0,0,0,10
2026-07-15T14:40:38,S2,2,S2 lug-dic,2025,2,D040,1,0,0,10,0
2026-07-15T14:40:39,S2,2,S2 lug-dic,2025,2,D040,2,0,0,10,0
2026-07-15T14:40:40,S2,2,S2 lug-dic,2025,2,D040,3,0,0,10,0
2026-07-15T14:40:42,S2,2,S2 lug-dic,2025,2,D040,4,0,0,10,0
2026-07-15T14:40:44,S2,2,S2 lug-dic,2025,2,D040,5,0,0,10,0
2026-07-15T14:40:45,S2,2,S2 lug-dic,2025,2,D040,6,0,0,10,0
2026-07-15T14:40:48,S2,2,S2 lug-dic,2025,2,D040,7,0,0,10,0
2026-07-15T14:40:49,S2,2,S2 lug-dic,2025,2,D040,8,0,0,10,0
2026-07-15T14:40:52,S2,2,S2 lug-dic,2025,2,D040,9,0,0,10,0
2026-07-15T14:40:53,S2,2,S2 lug-dic,2025,2,D040,10,0,0,10,0
2026-07-15T14:40:54,S2,2,S2 lug-dic,2025,2,D040,11,0,0,10,0
2026-07-15T14:40:57,S2,2,S2 lug-dic,2025,2,D040,12,0,0,10,0
2026-07-15T14:40:58,S2,2,S2 lug-dic,2025,2,D040,13,0,0,10,0
2026-07-15T14:40:59,S2,2,S2 lug-dic,2025,2,D040,14,0,0,10,0
2026-07-15T14:41:01,S2,2,S2 lug-dic,2025,2,D040,15,0,0,10,0
2026-07-15T14:41:02,S2,2,S2 lug-dic,2025,2,D040,16,0,0,10,0
2026-07-15T14:41:14,S1,1,S1 gen-giu,2025,1,B050,5,10,0,0,0
2026-07-15T14:41:15,S1,1,S1 gen-giu,2025,1,B050,6,0,0,0,10
2026-07-15T14:41:52,S2,2,S2 lug-dic,2025,2,D040,17,10,0,0,0
2026-07-15T14:41:53,S1,1,S1 gen-giu,2025,1,B050,7,10,0,0,0
2026-07-15T14:41:53,S2,2,S2 lug-dic,2025,2,D040,18,0,0,9,1
2026-07-15T14:41:55,S2,2,S2 lug-dic,2025,2,D040,19,0,0,10,0
2026-07-15T14:42:39,S1,1,S1 gen-giu,2025,1,B050,8,10,0,0,0
2026-07-15T14:42:40,S1,1,S1 gen-giu,2025,1,B050,9,0,0,0,10
2026-07-15T14:42:40,S2,2,S2 lug-dic,2025,2,D040,20,10,0,0,0
2026-07-15T14:42:42,S2,2,S2 lug-dic,2025,2,D040,21,0,0,0,10
2026-07-15T14:42:44,S2,2,S2 lug-dic,2025,2,D040,22,0,0,10,0
2026-07-15T14:42:46,S2,2,S2 lug-dic,2025,2,D040,23,0,0,10,0
2026-07-15T14:43:31,S1,1,S1 gen-giu,2025,1,B050,10,10,0,0,0
2026-07-15T14:43:38,S2,2,S2 lug-dic,2025,2,D040,24,10,0,0,0
2026-07-15T14:43:39,S2,2,S2 lug-dic,2025,2,D040,25,0,0,10,0
2026-07-15T14:43:42,S2,2,S2 lug-dic,2025,2,D040,26,0,0,10,0
2026-07-15T14:43:44,S2,2,S2 lug-dic,2025,2,D040,27,0,0,10,0
2026-07-15T14:43:45,S2,2,S2 lug-dic,2025,2,D040,28,0,0,10,0
2026-07-15T14:43:47,S2,2,S2 lug-dic,2025,2,D040,29,0,0,10,0
2026-07-15T14:44:39,S2,2,S2 lug-dic,2025,2,D040,30,10,0,0,0
2026-07-15T14:44:41,S2,2,S2 lug-dic,2025,2,D040,31,0,0,0,10
2026-07-15T14:44:42,S2,2,S2 lug-dic,2025,2,D040,32,0,0,10,0
2026-07-15T14:45:02,S1,1,S1 gen-giu,2025,1,B050,1,0,0,10,0
2026-07-15T14:45:03,S1,1,S1 gen-giu,2025,1,B050,2,0,0,10,0
2026-07-15T14:45:40,S2,2,S2 lug-dic,2025,2,D040,33,10,0,0,0
2026-07-15T14:45:41,S2,2,S2 lug-dic,2025,2,D040,34,0,0,0,10
2026-07-15T14:45:56,S1,1,S1 gen-giu,2025,1,B050,3,10,0,0,0
2026-07-15T14:45:58,S1,1,S1 gen-giu,2025,1,B050,4,0,0,0,10
2026-07-15T14:46:01,S1,1,S1 gen-giu,2025,1,B050,5,0,0,10,0
2026-07-15T14:46:43,S2,2,S2 lug-dic,2025,2,D040,35,10,0,0,0
2026-07-15T14:46:44,S2,2,S2 lug-dic,2025,2,D040,36,0,0,0,10
2026-07-15T14:46:47,S1,1,S1 gen-giu,2025,1,B050,6,10,0,0,0
2026-07-15T14:46:50,S1,1,S1 gen-giu,2025,1,B050,7,0,0,0,10
2026-07-15T14:46:52,S1,1,S1 gen-giu,2025,1,B050,8,0,0,10,0
2026-07-15T14:47:39,S1,1,S1 gen-giu,2025,1,B050,9,10,0,0,0
2026-07-15T14:47:40,S2,2,S2 lug-dic,2025,2,D040,37,10,0,0,0
2026-07-15T14:47:41,S1,1,S1 gen-giu,2025,1,B050,10,0,0,0,10
2026-07-15T14:47:42,S2,2,S2 lug-dic,2025,2,D040,38,0,0,0,10
2026-07-15T14:48:22,S1,1,S1 gen-giu,2025,1,B050,11,10,0,0,0
2026-07-15T14:48:28,S2,2,S2 lug-dic,2025,2,D040,39,10,0,0,0
2026-07-15T14:48:30,S2,2,S2 lug-dic,2025,2,D040,40,0,0,0,10
2026-07-15T14:49:10,S1,1,S1 gen-giu,2025,1,B050,12,10,0,0,0
2026-07-15T14:49:12,S1,1,S1 gen-giu,2025,1,B050,13,0,0,0,10
2026-07-15T14:49:26,S2,2,S2 lug-dic,2025,2,D040,41,10,0,0,0
2026-07-15T14:49:58,S1,1,S1 gen-giu,2025,1,B050,14,10,0,0,0
2026-07-15T14:49:59,S1,1,S1 gen-giu,2025,1,B050,15,0,0,0,10
2026-07-15T14:50:18,S2,2,S2 lug-dic,2025,2,D040,42,10,0,0,0
2026-07-15T14:50:41,S1,1,S1 gen-giu,2025,1,B050,16,10,0,0,0
2026-07-15T14:51:09,S2,2,S2 lug-dic,2025,2,D040,43,10,0,0,0
2026-07-15T14:51:25,S1,1,S1 gen-giu,2025,1,B050,17,10,0,0,0
2026-07-15T14:51:26,S1,1,S1 gen-giu,2025,1,B050,18,0,0,0,10
2026-07-15T14:52:04,S1,1,S1 gen-giu,2025,1,B050,19,10,0,0,0
2026-07-15T14:52:45,S1,1,S1 gen-giu,2025,1,B050,20,10,0,0,0
2026-07-15T14:53:07,S2,2,S2 lug-dic,2025,2,D040,1,0,0,10,0
2026-07-15T14:53:08,S2,2,S2 lug-dic,2025,2,D040,2,0,0,10,0
2026-07-15T14:53:09,S2,2,S2 lug-dic,2025,2,D040,3,0,0,10,0
2026-07-15T14:53:11,S2,2,S2 lug-dic,2025,2,D040,4,0,0,10,0
2026-07-15T14:53:14,S2,2,S2 lug-dic,2025,2,D040,5,0,0,10,0
2026-07-15T14:53:14,S2,2,S2 lug-dic,2025,2,D040,6,0,0,10,0
2026-07-15T14:53:16,S2,2,S2 lug-dic,2025,2,D040,7,0,0,10,0
2026-07-15T14:53:18,S2,2,S2 lug-dic,2025,2,D040,8,0,0,10,0
2026-07-15T14:53:19,S2,2,S2 lug-dic,2025,2,D040,9,0,0,10,0
2026-07-15T14:53:22,S2,2,S2 lug-dic,2025,2,D040,10,0,0,10,0
2026-07-15T14:53:23,S2,2,S2 lug-dic,2025,2,D040,11,0,0,10,0
2026-07-15T14:53:24,S2,2,S2 lug-dic,2025,2,D040,12,0,0,10,0
2026-07-15T14:53:26,S2,2,S2 lug-dic,2025,2,D040,13,0,0,10,0
2026-07-15T14:53:27,S1,1,S1 gen-giu,2025,1,B050,21,10,0,0,0
2026-07-15T14:53:28,S2,2,S2 lug-dic,2025,2,D040,14,0,0,10,0
2026-07-15T14:53:30,S2,2,S2 lug-dic,2025,2,D040,15,0,0,10,0
2026-07-15T14:53:31,S2,2,S2 lug-dic,2025,2,D040,16,0,0,10,0
2026-07-15T14:53:32,S2,2,S2 lug-dic,2025,2,D040,17,0,0,10,0
2026-07-15T14:53:34,S2,2,S2 lug-dic,2025,2,D040,18,0,0,9,1
2026-07-15T14:53:35,S2,2,S2 lug-dic,2025,2,D040,19,0,0,10,0
2026-07-15T14:53:37,S2,2,S2 lug-dic,2025,2,D040,20,0,0,10,0
2026-07-15T14:53:39,S2,2,S2 lug-dic,2025,2,D040,21,0,0,10,0
2026-07-15T14:53:40,S2,2,S2 lug-dic,2025,2,D040,22,0,0,10,0
2026-07-15T14:53:41,S2,2,S2 lug-dic,2025,2,D040,23,0,0,10,0
2026-07-15T14:53:42,S2,2,S2 lug-dic,2025,2,D040,24,0,0,10,0
2026-07-15T14:53:45,S2,2,S2 lug-dic,2025,2,D040,25,0,0,10,0
2026-07-15T14:53:46,S2,2,S2 lug-dic,2025,2,D040,26,0,0,10,0
2026-07-15T14:53:47,S2,2,S2 lug-dic,2025,2,D040,27,0,0,10,0
2026-07-15T14:53:48,S2,2,S2 lug-dic,2025,2,D040,28,0,0,10,0
2026-07-15T14:53:50,S2,2,S2 lug-dic,2025,2,D040,29,0,0,10,0
2026-07-15T14:53:51,S2,2,S2 lug-dic,2025,2,D040,30,0,0,10,0
2026-07-15T14:53:52,S2,2,S2 lug-dic,2025,2,D040,31,0,0,10,0
2026-07-15T14:53:53,S2,2,S2 lug-dic,2025,2,D040,32,0,0,10,0
2026-07-15T14:53:54,S2,2,S2 lug-dic,2025,2,D040,33,0,0,10,0
2026-07-15T14:54:09,S1,1,S1 gen-giu,2025,1,B050,22,8,0,0,2
2026-07-15T14:54:11,S1,1,S1 gen-giu,2025,1,B050,23,0,0,0,10
2026-07-15T14:54:48,S2,2,S2 lug-dic,2025,2,D040,34,10,0,0,0
2026-07-15T14:54:49,S2,2,S2 lug-dic,2025,2,D040,35,0,0,0,10
2026-07-15T14:55:04,S1,1,S1 gen-giu,2025,1,B050,24,10,0,0,0
2026-07-15T14:55:38,S2,2,S2 lug-dic,2025,2,D040,36,10,0,0,0
2026-07-15T14:55:39,S2,2,S2 lug-dic,2025,2,D040,37,0,0,10,0
2026-07-15T14:56:30,S2,2,S2 lug-dic,2025,2,D040,38,10,0,0,0
2026-07-15T14:56:31,S2,2,S2 lug-dic,2025,2,D040,39,0,0,10,0
2026-07-15T14:57:20,S2,2,S2 lug-dic,2025,2,D040,40,10,0,0,0
2026-07-15T14:57:21,S2,2,S2 lug-dic,2025,2,D040,41,0,0,10,0
2026-07-15T14:57:23,S2,2,S2 lug-dic,2025,2,D040,42,0,0,10,0
2026-07-15T14:57:24,S2,2,S2 lug-dic,2025,2,D040,43,0,0,10,0
2026-07-15T14:57:54,S1,1,S1 gen-giu,2025,1,B050,1,0,0,10,0
2026-07-15T14:57:55,S1,1,S1 gen-giu,2025,1,B050,2,0,0,10,0
2026-07-15T14:57:58,S1,1,S1 gen-giu,2025,1,B050,3,0,0,10,0
2026-07-15T14:58:17,S2,2,S2 lug-dic,2025,2,D040,44,10,0,0,0
2026-07-15T14:58:54,S1,1,S1 gen-giu,2025,1,B050,4,10,0,0,0
2026-07-15T14:58:56,S1,1,S1 gen-giu,2025,1,B050,5,0,0,10,0
2026-07-15T14:58:57,S1,1,S1 gen-giu,2025,1,B050,6,0,0,10,0
2026-07-15T14:59:00,S1,1,S1 gen-giu,2025,1,B050,7,0,0,10,0
2026-07-15T14:59:01,S1,1,S1 gen-giu,2025,1,B050,8,0,0,10,0
2026-07-15T14:59:03,S1,1,S1 gen-giu,2025,1,B050,9,0,0,10,0
2026-07-15T14:59:04,S1,1,S1 gen-giu,2025,1,B050,10,0,0,10,0
2026-07-15T14:59:06,S1,1,S1 gen-giu,2025,1,B050,11,0,0,10,0
2026-07-15T14:59:07,S1,1,S1 gen-giu,2025,1,B050,12,0,0,10,0
2026-07-15T14:59:12,S2,2,S2 lug-dic,2025,2,D040,45,10,0,0,0
2026-07-15T14:59:28,S1,1,S1 gen-giu,2025,1,B050,1,0,0,10,0
2026-07-15T14:59:28,S1,1,S1 gen-giu,2025,1,B050,2,0,0,10,0
2026-07-15T14:59:46,S1,1,S1 gen-giu,2025,1,B050,1,0,0,10,0
2026-07-15T14:59:47,S1,1,S1 gen-giu,2025,1,B050,2,0,0,10,0
2026-07-15T14:59:48,S1,1,S1 gen-giu,2025,1,B050,3,0,0,10,0
2026-07-15T14:59:51,S1,1,S1 gen-giu,2025,1,B050,4,0,0,10,0
2026-07-15T14:59:52,S1,1,S1 gen-giu,2025,1,B050,5,0,0,10,0
2026-07-15T14:59:53,S1,1,S1 gen-giu,2025,1,B050,6,0,0,10,0
2026-07-15T14:59:55,S1,1,S1 gen-giu,2025,1,B050,7,0,0,10,0
2026-07-15T14:59:59,S1,1,S1 gen-giu,2025,1,B050,8,0,0,10,0
2026-07-15T15:00:00,S1,1,S1 gen-giu,2025,1,B050,9,0,0,10,0
2026-07-15T15:00:00,S2,2,S2 lug-dic,2025,2,D040,46,10,0,0,0
2026-07-15T15:00:01,S1,1,S1 gen-giu,2025,1,B050,10,0,0,10,0
2026-07-15T15:00:02,S2,2,S2 lug-dic,2025,2,D040,47,0,0,0,10
2026-07-15T15:00:03,S1,1,S1 gen-giu,2025,1,B050,11,0,0,10,0
2026-07-15T15:00:04,S1,1,S1 gen-giu,2025,1,B050,12,0,0,10,0
2026-07-15T15:01:05,S1,1,S1 gen-giu,2025,1,B050,13,10,0,0,0
2026-07-15T15:01:07,S1,1,S1 gen-giu,2025,1,B050,14,0,0,0,10
2026-07-15T15:01:08,S2,2,S2 lug-dic,2025,2,D040,48,10,0,0,0
2026-07-15T15:01:09,S2,2,S2 lug-dic,2025,2,D040,49,0,0,0,10
2026-07-15T15:02:14,S1,1,S1 gen-giu,2025,1,B050,15,10,0,0,0
2026-07-15T15:02:14,S2,2,S2 lug-dic,2025,2,D040,50,10,0,0,0
2026-07-15T15:02:15,S1,1,S1 gen-giu,2025,1,B050,16,0,0,10,0
2026-07-15T15:02:16,S1,1,S1 gen-giu,2025,1,B050,17,0,0,10,0
2026-07-15T15:03:10,S2,2,S2 lug-dic,2025,2,D040,51,10,0,0,0
2026-07-15T15:03:13,S1,1,S1 gen-giu,2025,1,B050,18,10,0,0,0
2026-07-15T15:03:15,S1,1,S1 gen-giu,2025,1,B050,19,0,0,10,0
2026-07-15T15:03:16,S1,1,S1 gen-giu,2025,1,B050,20,0,0,10,0
2026-07-15T15:03:17,S1,1,S1 gen-giu,2025,1,B050,21,0,0,10,0
2026-07-15T15:03:19,S1,1,S1 gen-giu,2025,1,B050,22,0,0,8,2
2026-07-15T15:03:32,S2,2,S2 lug-dic,2025,2,D040,1,0,0,10,0
2026-07-15T15:03:33,S2,2,S2 lug-dic,2025,2,D040,2,0,0,10,0
2026-07-15T15:03:35,S2,2,S2 lug-dic,2025,2,D040,3,0,0,10,0
2026-07-15T15:03:53,S2,2,S2 lug-dic,2025,2,D040,1,0,0,10,0
2026-07-15T15:03:54,S2,2,S2 lug-dic,2025,2,D040,2,0,0,10,0
2026-07-15T15:04:03,S1,1,S1 gen-giu,2025,1,B050,23,10,0,0,0
2026-07-15T15:04:04,S1,1,S1 gen-giu,2025,1,B050,24,0,0,10,0
2026-07-15T15:04:10,S2,2,S2 lug-dic,2025,2,D040,1,0,0,10,0
2026-07-15T15:04:11,S2,2,S2 lug-dic,2025,2,D040,2,0,0,10,0
2026-07-15T15:04:13,S2,2,S2 lug-dic,2025,2,D040,3,0,0,10,0
2026-07-15T15:04:14,S2,2,S2 lug-dic,2025,2,D040,4,0,0,10,0
2026-07-15T15:04:16,S2,2,S2 lug-dic,2025,2,D040,5,0,0,10,0
2026-07-15T15:04:18,S2,2,S2 lug-dic,2025,2,D040,6,0,0,10,0
2026-07-15T15:04:20,S2,2,S2 lug-dic,2025,2,D040,7,0,0,10,0
2026-07-15T15:04:21,S2,2,S2 lug-dic,2025,2,D040,8,0,0,10,0
2026-07-15T15:04:23,S2,2,S2 lug-dic,2025,2,D040,9,0,0,10,0
2026-07-15T15:04:25,S2,2,S2 lug-dic,2025,2,D040,10,0,0,10,0
2026-07-15T15:04:26,S2,2,S2 lug-dic,2025,2,D040,11,0,0,10,0
2026-07-15T15:04:28,S2,2,S2 lug-dic,2025,2,D040,12,0,0,10,0
2026-07-15T15:04:29,S2,2,S2 lug-dic,2025,2,D040,13,0,0,10,0
2026-07-15T15:04:30,S2,2,S2 lug-dic,2025,2,D040,14,0,0,10,0
2026-07-15T15:04:32,S2,2,S2 lug-dic,2025,2,D040,15,0,0,10,0
2026-07-15T15:04:33,S2,2,S2 lug-dic,2025,2,D040,16,0,0,10,0
2026-07-15T15:04:34,S2,2,S2 lug-dic,2025,2,D040,17,0,0,10,0
2026-07-15T15:04:35,S2,2,S2 lug-dic,2025,2,D040,18,0,0,9,1
2026-07-15T15:04:37,S2,2,S2 lug-dic,2025,2,D040,19,0,0,10,0
2026-07-15T15:04:39,S2,2,S2 lug-dic,2025,2,D040,20,0,0,10,0
2026-07-15T15:04:40,S2,2,S2 lug-dic,2025,2,D040,21,0,0,10,0
2026-07-15T15:04:42,S2,2,S2 lug-dic,2025,2,D040,22,0,0,10,0
2026-07-15T15:04:43,S2,2,S2 lug-dic,2025,2,D040,23,0,0,10,0
2026-07-15T15:04:45,S2,2,S2 lug-dic,2025,2,D040,24,0,0,10,0
2026-07-15T15:04:48,S2,2,S2 lug-dic,2025,2,D040,25,0,0,10,0
2026-07-15T15:04:49,S2,2,S2 lug-dic,2025,2,D040,26,0,0,10,0
2026-07-15T15:04:50,S2,2,S2 lug-dic,2025,2,D040,27,0,0,10,0
2026-07-15T15:04:51,S1,1,S1 gen-giu,2025,1,B050,25,10,0,0,0
2026-07-15T15:04:51,S2,2,S2 lug-dic,2025,2,D040,28,0,0,10,0
2026-07-15T15:04:53,S2,2,S2 lug-dic,2025,2,D040,29,0,0,10,0
2026-07-15T15:04:53,S2,2,S2 lug-dic,2025,2,D040,30,0,0,10,0
2026-07-15T15:05:33,S1,1,S1 gen-giu,2025,1,B050,26,10,0,0,0
2026-07-15T15:05:34,S1,1,S1 gen-giu,2025,1,B050,27,0,0,0,10
2026-07-15T15:06:21,S1,1,S1 gen-giu,2025,1,B050,28,10,0,0,0
2026-07-15T15:06:22,S1,1,S1 gen-giu,2025,1,B050,29,0,0,0,10
2026-07-15T15:07:07,S1,1,S1 gen-giu,2025,1,B050,30,10,0,0,0
2026-07-15T15:07:08,S1,1,S1 gen-giu,2025,1,B050,31,0,0,0,10
2026-07-15T15:07:53,S1,1,S1 gen-giu,2025,1,B050,32,10,0,0,0
2026-07-15T15:07:54,S1,1,S1 gen-giu,2025,1,B050,33,0,0,0,10
2026-07-15T15:10:29,S1,1,S1 gen-giu,2025,1,B050,1,0,0,10,0
2026-07-15T15:10:31,S1,1,S1 gen-giu,2025,1,B050,2,0,0,10,0
2026-07-15T15:10:32,S1,1,S1 gen-giu,2025,1,B050,3,0,0,10,0
2026-07-15T15:10:34,S1,1,S1 gen-giu,2025,1,B050,4,0,0,10,0
2026-07-15T15:10:37,S1,1,S1 gen-giu,2025,1,B050,5,0,0,10,0
2026-07-15T15:10:38,S1,1,S1 gen-giu,2025,1,B050,6,0,0,10,0
2026-07-15T15:10:40,S1,1,S1 gen-giu,2025,1,B050,7,0,0,10,0
2026-07-15T15:10:42,S1,1,S1 gen-giu,2025,1,B050,8,0,0,10,0
2026-07-15T15:10:44,S1,1,S1 gen-giu,2025,1,B050,9,0,0,10,0
2026-07-15T15:10:45,S1,1,S1 gen-giu,2025,1,B050,10,0,0,10,0
2026-07-15T15:10:47,S1,1,S1 gen-giu,2025,1,B050,11,0,0,10,0
2026-07-15T15:10:48,S1,1,S1 gen-giu,2025,1,B050,12,0,0,10,0
2026-07-15T15:10:50,S1,1,S1 gen-giu,2025,1,B050,13,0,0,10,0
2026-07-15T15:10:52,S1,1,S1 gen-giu,2025,1,B050,14,0,0,10,0
2026-07-15T15:10:55,S1,1,S1 gen-giu,2025,1,B050,15,0,0,10,0
2026-07-15T15:10:55,S1,1,S1 gen-giu,2025,1,B050,16,0,0,10,0
2026-07-15T15:10:57,S1,1,S1 gen-giu,2025,1,B050,17,0,0,10,0
2026-07-15T15:10:58,S1,1,S1 gen-giu,2025,1,B050,18,0,0,10,0
2026-07-15T15:11:00,S1,1,S1 gen-giu,2025,1,B050,19,0,0,10,0
2026-07-15T15:11:02,S1,1,S1 gen-giu,2025,1,B050,20,0,0,10,0
2026-07-15T15:11:04,S1,1,S1 gen-giu,2025,1,B050,21,0,0,10,0
2026-07-15T15:11:05,S1,1,S1 gen-giu,2025,1,B050,22,0,0,8,2
2026-07-15T15:11:06,S1,1,S1 gen-giu,2025,1,B050,23,0,0,10,0
2026-07-15T15:11:08,S1,1,S1 gen-giu,2025,1,B050,24,0,0,10,0
2026-07-15T15:11:10,S1,1,S1 gen-giu,2025,1,B050,25,0,0,10,0
2026-07-15T15:11:11,S1,1,S1 gen-giu,2025,1,B050,26,0,0,10,0
2026-07-15T15:12:07,S1,1,S1 gen-giu,2025,1,B050,27,10,0,0,0
2026-07-15T15:12:09,S1,1,S1 gen-giu,2025,1,B050,28,0,0,0,10
2026-07-15T15:12:42,S2,2,S2 lug-dic,2025,2,E020,1,10,0,0,0
2026-07-15T15:12:43,S2,2,S2 lug-dic,2025,2,E020,2,0,0,0,10
2026-07-15T15:13:06,S1,1,S1 gen-giu,2025,1,B050,29,10,0,0,0
2026-07-15T15:13:08,S2,2,S2 lug-dic,2025,2,E020,3,4,0,0,0
2026-07-15T15:13:08,S1,1,S1 gen-giu,2025,1,B050,30,0,0,0,10
2026-07-15T15:14:02,S1,1,S1 gen-giu,2025,1,B050,31,10,0,0,0
2026-07-15T15:14:04,S1,1,S1 gen-giu,2025,1,B050,32,0,0,0,10
2026-07-15T15:14:21,S2,2,S2 lug-dic,2025,2,E010,1,10,0,0,0
2026-07-15T15:14:23,S2,2,S2 lug-dic,2025,2,E010,2,0,0,0,10
2026-07-15T15:15:04,S1,1,S1 gen-giu,2025,1,B050,33,10,0,0,0
2026-07-15T15:15:06,S1,1,S1 gen-giu,2025,1,B050,34,0,0,0,10
2026-07-15T15:15:34,S2,2,S2 lug-dic,2025,2,E010,3,10,0,0,0
2026-07-15T15:15:35,S2,2,S2 lug-dic,2025,2,E010,4,0,0,0,10
2026-07-15T15:16:09,S1,1,S1 gen-giu,2025,1,B050,35,10,0,0,0
2026-07-15T15:16:10,S1,1,S1 gen-giu,2025,1,B050,36,0,0,0,10
2026-07-15T15:16:42,S2,2,S2 lug-dic,2025,2,E010,5,10,0,0,0
2026-07-15T15:17:12,S1,1,S1 gen-giu,2025,1,B050,37,10,0,0,0
2026-07-15T15:17:40,S2,2,S2 lug-dic,2025,2,E010,6,10,0,0,0
2026-07-15T15:18:04,S1,1,S1 gen-giu,2025,1,B050,38,10,0,0,0
2026-07-15T15:18:05,S1,1,S1 gen-giu,2025,1,B050,39,0,0,0,10
2026-07-15T15:18:39,S2,2,S2 lug-dic,2025,2,E010,7,10,0,0,0
2026-07-15T15:19:27,S2,2,S2 lug-dic,2025,2,E010,8,8,0,0,2
2026-07-15T15:19:28,S2,2,S2 lug-dic,2025,2,E010,9,0,0,0,10
2026-07-15T15:20:05,S1,1,S1 gen-giu,2025,1,B050,1,0,0,10,0
2026-07-15T15:20:07,S1,1,S1 gen-giu,2025,1,B050,2,0,0,10,0
2026-07-15T15:20:09,S1,1,S1 gen-giu,2025,1,B050,3,0,0,10,0
2026-07-15T15:20:13,S1,1,S1 gen-giu,2025,1,B050,4,0,0,10,0
2026-07-15T15:20:15,S1,1,S1 gen-giu,2025,1,B050,5,0,0,10,0
2026-07-15T15:20:19,S1,1,S1 gen-giu,2025,1,B050,6,0,0,10,0
2026-07-15T15:20:21,S1,1,S1 gen-giu,2025,1,B050,7,0,0,10,0
2026-07-15T15:20:24,S1,1,S1 gen-giu,2025,1,B050,8,0,0,10,0
2026-07-15T15:20:27,S1,1,S1 gen-giu,2025,1,B050,9,0,0,10,0
2026-07-15T15:20:29,S1,1,S1 gen-giu,2025,1,B050,10,0,0,10,0
2026-07-15T15:20:31,S1,1,S1 gen-giu,2025,1,B050,11,0,0,10,0
2026-07-15T15:20:34,S2,2,S2 lug-dic,2025,2,E010,10,10,0,0,0
2026-07-15T15:20:35,S1,1,S1 gen-giu,2025,1,B050,12,0,0,10,0
2026-07-15T15:20:37,S1,1,S1 gen-giu,2025,1,B050,13,0,0,10,0
2026-07-15T15:20:43,S1,1,S1 gen-giu,2025,1,B050,14,0,0,10,0
2026-07-15T15:20:50,S1,1,S1 gen-giu,2025,1,B050,15,0,0,10,0
2026-07-15T15:20:52,S1,1,S1 gen-giu,2025,1,B050,16,0,0,10,0
2026-07-15T15:20:57,S1,1,S1 gen-giu,2025,1,B050,17,0,0,10,0
2026-07-15T15:20:59,S1,1,S1 gen-giu,2025,1,B050,18,0,0,10,0
2026-07-15T15:21:01,S1,1,S1 gen-giu,2025,1,B050,19,0,0,10,0
2026-07-15T15:21:05,S1,1,S1 gen-giu,2025,1,B050,20,0,0,10,0
2026-07-15T15:21:07,S2,2,S2 lug-dic,2025,2,E010,1,0,0,10,0
2026-07-15T15:21:07,S1,1,S1 gen-giu,2025,1,B050,21,0,0,10,0
2026-07-15T15:21:09,S1,1,S1 gen-giu,2025,1,B050,22,0,0,8,2
2026-07-15T15:21:12,S1,1,S1 gen-giu,2025,1,B050,23,0,0,10,0
2026-07-15T15:21:15,S1,1,S1 gen-giu,2025,1,B050,24,0,0,10,0
2026-07-15T15:21:18,S1,1,S1 gen-giu,2025,1,B050,25,0,0,10,0
2026-07-15T15:21:20,S1,1,S1 gen-giu,2025,1,B050,26,0,0,10,0
2026-07-15T15:21:23,S1,1,S1 gen-giu,2025,1,B050,27,0,0,10,0
2026-07-15T15:21:25,S1,1,S1 gen-giu,2025,1,B050,28,0,0,10,0
2026-07-15T15:21:28,S1,1,S1 gen-giu,2025,1,B050,29,0,0,10,0
2026-07-15T15:21:30,S1,1,S1 gen-giu,2025,1,B050,30,0,0,10,0
2026-07-15T15:21:33,S1,1,S1 gen-giu,2025,1,B050,31,0,0,10,0
2026-07-15T15:21:34,S1,1,S1 gen-giu,2025,1,B050,32,0,0,10,0
2026-07-15T15:21:37,S1,1,S1 gen-giu,2025,1,B050,33,0,0,10,0
2026-07-15T15:21:41,S2,2,S2 lug-dic,2025,2,E010,2,10,0,0,0
2026-07-15T15:21:43,S2,2,S2 lug-dic,2025,2,E010,3,0,0,10,0
2026-07-15T15:22:18,S1,1,S1 gen-giu,2025,1,B050,34,9,0,1,0
2026-07-15T15:22:20,S1,1,S1 gen-giu,2025,1,B050,35,0,0,0,10
2026-07-15T15:22:44,S2,2,S2 lug-dic,2025,2,E010,4,10,0,0,0
2026-07-15T15:22:45,S2,2,S2 lug-dic,2025,2,E010,5,0,0,0,10
2026-07-15T15:22:46,S2,2,S2 lug-dic,2025,2,E010,6,0,0,10,0
2026-07-15T15:22:47,S2,2,S2 lug-dic,2025,2,E010,7,0,0,10,0
2026-07-15T15:22:48,S2,2,S2 lug-dic,2025,2,E010,8,0,0,8,2
2026-07-15T15:23:00,S1,1,S1 gen-giu,2025,1,B050,36,10,0,0,0
2026-07-15T15:23:03,S1,1,S1 gen-giu,2025,1,B050,37,0,0,10,0
2026-07-15T15:23:05,S1,1,S1 gen-giu,2025,1,B050,38,0,0,10,0
2026-07-15T15:23:42,S2,2,S2 lug-dic,2025,2,E010,9,10,0,0,0
2026-07-15T15:23:43,S1,1,S1 gen-giu,2025,1,B050,39,10,0,0,0
2026-07-15T15:23:43,S2,2,S2 lug-dic,2025,2,E010,10,0,0,0,10
2026-07-15T15:24:13,S1,1,S1 gen-giu,2025,1,B050,40,7,0,3,0
2026-07-15T15:24:47,S2,2,S2 lug-dic,2025,2,E010,11,10,0,0,0
2026-07-15T15:24:49,S2,2,S2 lug-dic,2025,2,E010,12,0,0,0,10
2026-07-15T15:25:08,S1,1,S1 gen-giu,2025,1,B050,41,10,0,0,0
2026-07-15T15:25:46,S2,2,S2 lug-dic,2025,2,E010,13,9,0,0,1
2026-07-15T15:25:47,S2,2,S2 lug-dic,2025,2,E010,14,0,0,0,10
2026-07-15T15:26:07,S1,1,S1 gen-giu,2025,1,B050,42,10,0,0,0
2026-07-15T15:26:09,S1,1,S1 gen-giu,2025,1,B050,43,0,0,0,10
2026-07-15T15:26:53,S1,1,S1 gen-giu,2025,1,B050,44,10,0,0,0
2026-07-15T15:26:55,S2,2,S2 lug-dic,2025,2,E010,15,10,0,0,0
2026-07-15T15:26:56,S2,2,S2 lug-dic,2025,2,E010,16,0,0,0,10
2026-07-15T15:27:34,S1,1,S1 gen-giu,2025,1,B050,45,10,0,0,0
2026-07-15T15:28:10,S2,2,S2 lug-dic,2025,2,E010,17,10,0,0,0
2026-07-15T15:28:17,S1,1,S1 gen-giu,2025,1,B050,46,10,0,0,0
2026-07-15T15:29:12,S1,1,S1 gen-giu,2025,1,B050,47,10,0,0,0
2026-07-15T15:29:21,S2,2,S2 lug-dic,2025,2,E010,18,10,0,0,0
2026-07-15T15:29:22,S2,2,S2 lug-dic,2025,2,E010,19,0,0,0,10
2026-07-15T15:30:02,S1,1,S1 gen-giu,2025,1,B050,48,10,0,0,0
2026-07-15T15:30:28,S2,2,S2 lug-dic,2025,2,E010,20,10,0,0,0
2026-07-15T15:31:02,S1,1,S1 gen-giu,2025,1,B050,49,10,0,0,0
2026-07-15T15:31:37,S1,1,S1 gen-giu,2025,1,B050,1,0,0,10,0
2026-07-15T15:31:38,S1,1,S1 gen-giu,2025,1,B050,2,0,0,10,0
2026-07-15T15:31:38,S2,2,S2 lug-dic,2025,2,E010,21,10,0,0,0
2026-07-15T15:31:54,S1,1,S1 gen-giu,2025,1,B050,1,0,0,10,0
2026-07-15T15:31:55,S1,1,S1 gen-giu,2025,1,B050,2,0,0,10,0
2026-07-15T15:31:58,S1,1,S1 gen-giu,2025,1,B050,3,0,0,10,0
2026-07-15T15:31:59,S1,1,S1 gen-giu,2025,1,B050,4,0,0,10,0
2026-07-15T15:32:00,S2,2,S2 lug-dic,2025,2,E010,1,0,0,10,0
2026-07-15T15:32:00,S1,1,S1 gen-giu,2025,1,B050,5,0,0,10,0
2026-07-15T15:32:01,S2,2,S2 lug-dic,2025,2,E010,2,0,0,10,0
2026-07-15T15:32:02,S1,1,S1 gen-giu,2025,1,B050,6,0,0,10,0
2026-07-15T15:32:02,S2,2,S2 lug-dic,2025,2,E010,3,0,0,10,0
2026-07-15T15:32:03,S1,1,S1 gen-giu,2025,1,B050,7,0,0,10,0
2026-07-15T15:32:05,S1,1,S1 gen-giu,2025,1,B050,8,0,0,10,0
2026-07-15T15:32:06,S1,1,S1 gen-giu,2025,1,B050,9,0,0,10,0
2026-07-15T15:32:08,S1,1,S1 gen-giu,2025,1,B050,10,0,0,10,0
2026-07-15T15:32:09,S1,1,S1 gen-giu,2025,1,B050,11,0,0,10,0
2026-07-15T15:32:10,S1,1,S1 gen-giu,2025,1,B050,12,0,0,10,0
2026-07-15T15:32:12,S1,1,S1 gen-giu,2025,1,B050,13,0,0,10,0
2026-07-15T15:32:13,S1,1,S1 gen-giu,2025,1,B050,14,0,0,10,0
2026-07-15T15:32:15,S1,1,S1 gen-giu,2025,1,B050,15,0,0,10,0
2026-07-15T15:32:16,S1,1,S1 gen-giu,2025,1,B050,16,0,0,10,0
2026-07-15T15:32:17,S1,1,S1 gen-giu,2025,1,B050,17,0,0,10,0
2026-07-15T15:32:18,S1,1,S1 gen-giu,2025,1,B050,18,0,0,10,0
2026-07-15T15:32:19,S1,1,S1 gen-giu,2025,1,B050,19,0,0,10,0
2026-07-15T15:32:22,S1,1,S1 gen-giu,2025,1,B050,20,0,0,10,0
2026-07-15T15:32:23,S1,1,S1 gen-giu,2025,1,B050,21,0,0,10,0
2026-07-15T15:32:23,S2,2,S2 lug-dic,2025,2,E010,1,0,0,10,0
2026-07-15T15:32:24,S1,1,S1 gen-giu,2025,1,B050,22,0,0,8,2
2026-07-15T15:32:24,S2,2,S2 lug-dic,2025,2,E010,2,0,0,10,0
2026-07-15T15:32:26,S1,1,S1 gen-giu,2025,1,B050,23,0,0,10,0
2026-07-15T15:32:28,S1,1,S1 gen-giu,2025,1,B050,24,0,0,10,0
2026-07-15T15:32:29,S1,1,S1 gen-giu,2025,1,B050,25,0,0,10,0
2026-07-15T15:32:30,S1,1,S1 gen-giu,2025,1,B050,26,0,0,10,0
2026-07-15T15:32:31,S1,1,S1 gen-giu,2025,1,B050,27,0,0,10,0
2026-07-15T15:32:33,S1,1,S1 gen-giu,2025,1,B050,28,0,0,10,0
2026-07-15T15:32:34,S1,1,S1 gen-giu,2025,1,B050,29,0,0,10,0
2026-07-15T15:32:35,S1,1,S1 gen-giu,2025,1,B050,30,0,0,10,0
2026-07-15T15:32:37,S1,1,S1 gen-giu,2025,1,B050,31,0,0,10,0
2026-07-15T15:32:38,S1,1,S1 gen-giu,2025,1,B050,32,0,0,10,0
2026-07-15T15:32:40,S1,1,S1 gen-giu,2025,1,B050,33,0,0,10,0
2026-07-15T15:32:41,S1,1,S1 gen-giu,2025,1,B050,34,0,0,10,0
2026-07-15T15:32:43,S1,1,S1 gen-giu,2025,1,B050,35,0,0,10,0
2026-07-15T15:32:44,S1,1,S1 gen-giu,2025,1,B050,36,0,0,10,0
2026-07-15T15:32:45,S1,1,S1 gen-giu,2025,1,B050,37,0,0,10,0
2026-07-15T15:32:47,S1,1,S1 gen-giu,2025,1,B050,38,0,0,10,0
2026-07-15T15:32:49,S1,1,S1 gen-giu,2025,1,B050,39,0,0,10,0
2026-07-15T15:32:50,S1,1,S1 gen-giu,2025,1,B050,40,0,0,10,0
2026-07-15T15:32:51,S1,1,S1 gen-giu,2025,1,B050,41,0,0,10,0
2026-07-15T15:32:52,S1,1,S1 gen-giu,2025,1,B050,42,0,0,10,0
2026-07-15T15:33:33,S2,2,S2 lug-dic,2025,2,E010,2,0,0,10,0
2026-07-15T15:33:36,S1,1,S1 gen-giu,2025,1,B050,43,10,0,0,0
2026-07-15T15:33:38,S1,1,S1 gen-giu,2025,1,B050,44,0,0,0,10
2026-07-15T15:33:40,S1,1,S1 gen-giu,2025,1,B050,45,0,0,10,0
2026-07-15T15:33:41,S1,1,S1 gen-giu,2025,1,B050,46,0,0,10,0
2026-07-15T15:33:42,S2,2,S2 lug-dic,2025,2,E010,1,0,0,10,0
2026-07-15T15:33:43,S2,2,S2 lug-dic,2025,2,E010,2,0,0,10,0
2026-07-15T15:33:43,S1,1,S1 gen-giu,2025,1,B050,47,0,0,10,0
2026-07-15T15:33:44,S1,1,S1 gen-giu,2025,1,B050,48,0,0,10,0
2026-07-15T15:33:45,S2,2,S2 lug-dic,2025,2,E010,3,0,0,10,0
2026-07-15T15:33:46,S1,1,S1 gen-giu,2025,1,B050,49,0,0,10,0
2026-07-15T15:33:54,S2,2,S2 lug-dic,2025,2,E010,4,0,0,10,0
2026-07-15T15:34:05,S2,2,S2 lug-dic,2025,2,E010,5,0,0,10,0
2026-07-15T15:34:15,S2,2,S2 lug-dic,2025,2,E010,6,0,0,10,0
2026-07-15T15:34:23,S2,2,S2 lug-dic,2025,2,E010,7,0,0,10,0
2026-07-15T15:34:31,S1,1,S1 gen-giu,2025,1,B050,50,10,0,0,0
2026-07-15T15:34:32,S2,2,S2 lug-dic,2025,2,E010,8,0,0,8,2
2026-07-15T15:34:32,S1,1,S1 gen-giu,2025,1,B050,51,0,0,0,10
2026-07-15T15:34:34,S2,2,S2 lug-dic,2025,2,E010,9,0,0,10,0
2026-07-15T15:34:36,S2,2,S2 lug-dic,2025,2,E010,10,0,0,10,0
2026-07-15T15:34:38,S2,2,S2 lug-dic,2025,2,E010,11,0,0,10,0
2026-07-15T15:35:14,S1,1,S1 gen-giu,2025,1,B050,52,10,0,0,0
2026-07-15T15:36:02,S1,1,S1 gen-giu,2025,1,B050,53,10,0,0,0
2026-07-15T15:36:16,S2,2,S2 lug-dic,2025,2,E010,12,10,0,0,0
2026-07-15T15:36:19,S2,2,S2 lug-dic,2025,2,E010,13,0,0,9,1
2026-07-15T15:36:55,S1,1,S1 gen-giu,2025,1,B050,54,10,0,0,0
2026-07-15T15:36:57,S1,1,S1 gen-giu,2025,1,B050,55,0,0,0,10
2026-07-15T15:48:37,S1,1,S1 gen-giu,2025,1,D040,1,0,0,10,0
2026-07-15T15:48:48,S2,2,S2 lug-dic,2025,2,D040,1,0,0,10,0
2026-07-15T15:48:50,S2,2,S2 lug-dic,2025,2,D040,2,0,0,10,0
2026-07-15T15:48:58,S2,2,S2 lug-dic,2025,2,D040,3,0,0,10,0
2026-07-15T15:49:06,S2,2,S2 lug-dic,2025,2,D040,4,0,0,10,0
2026-07-15T15:49:15,S2,2,S2 lug-dic,2025,2,D040,5,0,0,10,0
2026-07-15T15:49:17,S2,2,S2 lug-dic,2025,2,D040,6,0,0,10,0
2026-07-15T15:49:22,S1,1,S1 gen-giu,2025,1,D040,2,10,0,0,0
2026-07-15T15:49:26,S2,2,S2 lug-dic,2025,2,D040,7,0,0,10,0
2026-07-15T15:49:34,S2,2,S2 lug-dic,2025,2,D040,8,0,0,10,0
2026-07-15T15:49:36,S2,2,S2 lug-dic,2025,2,D040,9,0,0,10,0
2026-07-15T15:49:38,S2,2,S2 lug-dic,2025,2,D040,10,0,0,10,0
2026-07-15T15:49:40,S2,2,S2 lug-dic,2025,2,D040,11,0,0,10,0
2026-07-15T15:49:42,S2,2,S2 lug-dic,2025,2,D040,12,0,0,10,0
2026-07-15T16:00:10,S2,2,S2 lug-dic,2025,2,D040,1,0,0,10,0
2026-07-15T16:00:11,S2,2,S2 lug-dic,2025,2,D040,2,0,0,10,0
2026-07-15T16:00:18,S2,2,S2 lug-dic,2025,2,D040,3,0,0,10,0
2026-07-15T16:00:19,S2,2,S2 lug-dic,2025,2,D040,4,0,0,10,0
2026-07-15T16:00:20,S2,2,S2 lug-dic,2025,2,D040,5,0,0,10,0
2026-07-15T16:00:28,S2,2,S2 lug-dic,2025,2,D040,6,0,0,10,0
2026-07-15T16:00:36,S2,2,S2 lug-dic,2025,2,D040,7,0,0,10,0
2026-07-15T16:00:38,S2,2,S2 lug-dic,2025,2,D040,8,0,0,10,0
2026-07-15T16:00:40,S2,2,S2 lug-dic,2025,2,D040,9,0,0,10,0
2026-07-15T16:00:42,S2,2,S2 lug-dic,2025,2,D040,10,0,0,10,0
2026-07-15T16:00:44,S2,2,S2 lug-dic,2025,2,D040,11,0,0,10,0
2026-07-15T16:00:46,S2,2,S2 lug-dic,2025,2,D040,12,0,0,10,0
2026-07-15T16:00:48,S2,2,S2 lug-dic,2025,2,D040,13,0,0,10,0
2026-07-15T16:00:50,S2,2,S2 lug-dic,2025,2,D040,14,0,0,10,0
2026-07-15T16:00:52,S2,2,S2 lug-dic,2025,2,D040,15,0,0,10,0
2026-07-15T16:00:55,S2,2,S2 lug-dic,2025,2,D040,16,0,0,10,0
2026-07-15T16:00:57,S2,2,S2 lug-dic,2025,2,D040,17,0,0,10,0
2026-07-15T16:00:59,S2,2,S2 lug-dic,2025,2,D040,18,0,0,9,1
2026-07-15T16:01:01,S2,2,S2 lug-dic,2025,2,D040,19,0,0,10,0
2026-07-15T16:01:03,S2,2,S2 lug-dic,2025,2,D040,20,0,0,10,0
2026-07-15T16:01:05,S2,2,S2 lug-dic,2025,2,D040,21,0,0,10,0
2026-07-15T16:01:07,S2,2,S2 lug-dic,2025,2,D040,22,0,0,10,0
2026-07-15T16:01:09,S2,2,S2 lug-dic,2025,2,D040,23,0,0,10,0
2026-07-15T16:01:11,S2,2,S2 lug-dic,2025,2,D040,24,0,0,10,0
2026-07-15T16:01:13,S2,2,S2 lug-dic,2025,2,D040,25,0,0,10,0
2026-07-15T16:01:16,S2,2,S2 lug-dic,2025,2,D040,26,0,0,10,0
2026-07-15T16:01:17,S2,2,S2 lug-dic,2025,2,D040,27,0,0,10,0
2026-07-15T16:01:19,S2,2,S2 lug-dic,2025,2,D040,28,0,0,10,0
2026-07-15T16:01:20,S2,2,S2 lug-dic,2025,2,D040,29,0,0,10,0
2026-07-15T16:01:21,S2,2,S2 lug-dic,2025,2,D040,30,0,0,10,0
2026-07-15T16:01:23,S2,2,S2 lug-dic,2025,2,D040,31,0,0,10,0
2026-07-15T16:01:24,S2,2,S2 lug-dic,2025,2,D040,32,0,0,10,0
2026-07-15T16:01:27,S2,2,S2 lug-dic,2025,2,D040,33,0,0,10,0
2026-07-15T16:01:29,S2,2,S2 lug-dic,2025,2,D040,34,0,0,10,0
2026-07-15T16:01:31,S2,2,S2 lug-dic,2025,2,D040,35,0,0,10,0
2026-07-15T16:01:33,S2,2,S2 lug-dic,2025,2,D040,36,0,0,10,0
2026-07-15T16:01:35,S2,2,S2 lug-dic,2025,2,D040,37,0,0,10,0
2026-07-15T16:01:37,S2,2,S2 lug-dic,2025,2,D040,38,0,0,10,0
2026-07-15T16:01:39,S2,2,S2 lug-dic,2025,2,D040,39,0,0,10,0
2026-07-15T16:01:41,S2,2,S2 lug-dic,2025,2,D040,40,0,0,10,0
2026-07-15T16:01:43,S2,2,S2 lug-dic,2025,2,D040,41,0,0,10,0
2026-07-15T16:01:45,S2,2,S2 lug-dic,2025,2,D040,42,0,0,10,0
2026-07-15T16:01:47,S2,2,S2 lug-dic,2025,2,D040,43,0,0,10,0
2026-07-15T16:01:49,S2,2,S2 lug-dic,2025,2,D040,44,0,0,10,0
2026-07-15T16:01:51,S2,2,S2 lug-dic,2025,2,D040,45,0,0,10,0
2026-07-15T16:01:53,S2,2,S2 lug-dic,2025,2,D040,46,0,0,10,0
2026-07-15T16:02:06,S1,1,S1 gen-giu,2025,1,D040,1,6,0,4,0
2026-07-15T16:02:08,S1,1,S1 gen-giu,2025,1,D040,2,0,0,10,0
2026-07-15T16:02:53,S2,2,S2 lug-dic,2025,2,D040,47,10,0,0,0
2026-07-15T16:03:02,S2,2,S2 lug-dic,2025,2,D040,48,0,0,10,0
2026-07-15T16:03:07,S1,1,S1 gen-giu,2025,1,D040,3,10,0,0,0
2026-07-15T16:04:01,S2,2,S2 lug-dic,2025,2,D040,49,10,0,0,0
2026-07-15T16:04:03,S1,1,S1 gen-giu,2025,1,D040,4,10,0,0,0
2026-07-15T16:04:09,S2,2,S2 lug-dic,2025,2,D040,50,0,0,10,0
2026-07-15T16:04:18,S2,2,S2 lug-dic,2025,2,D040,51,0,0,10,0
2026-07-15T16:05:03,S1,1,S1 gen-giu,2025,1,D040,5,10,0,0,0
2026-07-15T16:05:22,S2,2,S2 lug-dic,2025,2,D040,52,10,0,0,0
2026-07-15T16:06:01,S1,1,S1 gen-giu,2025,1,D040,6,10,0,0,0
2026-07-15T16:06:24,S2,2,S2 lug-dic,2025,2,D040,53,10,0,0,0
2026-07-15T16:07:08,S1,1,S1 gen-giu,2025,1,D040,7,10,0,0,0
2026-07-15T16:07:20,S2,2,S2 lug-dic,2025,2,D040,54,10,0,0,0
2026-07-15T16:08:11,S1,1,S1 gen-giu,2025,1,D040,8,10,0,0,0
2026-07-15T16:08:24,S2,2,S2 lug-dic,2025,2,D040,55,10,0,0,0
2026-07-15T16:09:11,S1,1,S1 gen-giu,2025,1,D040,9,10,0,0,0
2026-07-15T16:09:32,S2,2,S2 lug-dic,2025,2,D040,56,10,0,0,0
2026-07-15T16:10:14,S1,1,S1 gen-giu,2025,1,D040,10,10,0,0,0
2026-07-15T16:10:35,S2,2,S2 lug-dic,2025,2,D040,57,10,0,0,0
2026-07-15T16:11:11,S1,1,S1 gen-giu,2025,1,D040,11,10,0,0,0
2026-07-15T16:12:15,S1,1,S1 gen-giu,2025,1,D040,12,10,0,0,0
2026-07-15T16:13:11,S1,1,S1 gen-giu,2025,1,D040,13,10,0,0,0
2026-07-15T16:13:50,S2,2,S2 lug-dic,2025,2,D040,1,0,0,10,0
2026-07-15T16:13:51,S2,2,S2 lug-dic,2025,2,D040,2,0,0,10,0
2026-07-15T16:13:52,S2,2,S2 lug-dic,2025,2,D040,3,0,0,10,0
2026-07-15T16:13:53,S2,2,S2 lug-dic,2025,2,D040,4,0,0,10,0
2026-07-15T16:13:54,S2,2,S2 lug-dic,2025,2,D040,5,0,0,10,0
2026-07-15T16:13:56,S2,2,S2 lug-dic,2025,2,D040,6,0,0,10,0
2026-07-15T16:13:58,S2,2,S2 lug-dic,2025,2,D040,7,0,0,10,0
2026-07-15T16:13:59,S2,2,S2 lug-dic,2025,2,D040,8,0,0,10,0
2026-07-15T16:14:01,S2,2,S2 lug-dic,2025,2,D040,9,0,0,10,0
2026-07-15T16:14:02,S2,2,S2 lug-dic,2025,2,D040,10,0,0,10,0
2026-07-15T16:14:04,S2,2,S2 lug-dic,2025,2,D040,11,0,0,10,0
2026-07-15T16:14:05,S2,2,S2 lug-dic,2025,2,D040,12,0,0,10,0
2026-07-15T16:14:07,S2,2,S2 lug-dic,2025,2,D040,13,0,0,10,0
2026-07-15T16:14:08,S2,2,S2 lug-dic,2025,2,D040,14,0,0,10,0
2026-07-15T16:14:10,S2,2,S2 lug-dic,2025,2,D040,15,0,0,10,0
2026-07-15T16:14:11,S2,2,S2 lug-dic,2025,2,D040,16,0,0,10,0
2026-07-15T16:14:12,S2,2,S2 lug-dic,2025,2,D040,17,0,0,10,0
2026-07-15T16:14:14,S1,1,S1 gen-giu,2025,1,D040,14,10,0,0,0
2026-07-15T16:14:14,S2,2,S2 lug-dic,2025,2,D040,18,0,0,9,1
2026-07-15T16:14:15,S2,2,S2 lug-dic,2025,2,D040,19,0,0,10,0
2026-07-15T16:14:16,S2,2,S2 lug-dic,2025,2,D040,20,0,0,10,0
2026-07-15T16:14:18,S2,2,S2 lug-dic,2025,2,D040,21,0,0,10,0
2026-07-15T16:14:19,S2,2,S2 lug-dic,2025,2,D040,22,0,0,10,0
2026-07-15T16:14:21,S2,2,S2 lug-dic,2025,2,D040,23,0,0,10,0
2026-07-15T16:14:22,S2,2,S2 lug-dic,2025,2,D040,24,0,0,10,0
2026-07-15T16:14:24,S2,2,S2 lug-dic,2025,2,D040,25,0,0,10,0
2026-07-15T16:14:26,S2,2,S2 lug-dic,2025,2,D040,26,0,0,10,0
2026-07-15T16:14:27,S2,2,S2 lug-dic,2025,2,D040,27,0,0,10,0
2026-07-15T16:14:28,S2,2,S2 lug-dic,2025,2,D040,28,0,0,10,0
2026-07-15T16:14:30,S2,2,S2 lug-dic,2025,2,D040,29,0,0,10,0
2026-07-15T16:14:33,S2,2,S2 lug-dic,2025,2,D040,30,0,0,10,0
2026-07-15T16:14:42,S2,2,S2 lug-dic,2025,2,D040,31,0,0,10,0
2026-07-15T16:14:44,S2,2,S2 lug-dic,2025,2,D040,32,0,0,10,0
2026-07-15T16:14:52,S2,2,S2 lug-dic,2025,2,D040,33,0,0,10,0
2026-07-15T16:14:54,S2,2,S2 lug-dic,2025,2,D040,34,0,0,10,0
2026-07-15T16:14:56,S2,2,S2 lug-dic,2025,2,D040,35,0,0,10,0
2026-07-15T16:14:58,S2,2,S2 lug-dic,2025,2,D040,36,0,0,10,0
2026-07-15T16:15:00,S2,2,S2 lug-dic,2025,2,D040,37,0,0,10,0
2026-07-15T16:15:03,S2,2,S2 lug-dic,2025,2,D040,38,0,0,10,0
2026-07-15T16:15:05,S2,2,S2 lug-dic,2025,2,D040,39,0,0,10,0
2026-07-15T16:15:07,S2,2,S2 lug-dic,2025,2,D040,40,0,0,10,0
2026-07-15T16:15:09,S2,2,S2 lug-dic,2025,2,D040,41,0,0,10,0
2026-07-15T16:15:11,S2,2,S2 lug-dic,2025,2,D040,42,0,0,10,0
2026-07-15T16:15:13,S2,2,S2 lug-dic,2025,2,D040,43,0,0,10,0
2026-07-15T16:15:15,S2,2,S2 lug-dic,2025,2,D040,44,0,0,10,0
2026-07-15T16:15:18,S1,1,S1 gen-giu,2025,1,D040,15,10,0,0,0
2026-07-15T16:15:18,S2,2,S2 lug-dic,2025,2,D040,45,0,0,10,0
2026-07-15T16:15:26,S2,2,S2 lug-dic,2025,2,D040,46,0,0,10,0
2026-07-15T16:15:34,S2,2,S2 lug-dic,2025,2,D040,47,0,0,10,0
2026-07-15T16:15:36,S2,2,S2 lug-dic,2025,2,D040,48,0,0,10,0
2026-07-15T16:15:38,S2,2,S2 lug-dic,2025,2,D040,49,0,0,10,0
2026-07-15T16:15:40,S2,2,S2 lug-dic,2025,2,D040,50,0,0,10,0
2026-07-15T16:15:44,S2,2,S2 lug-dic,2025,2,D040,51,0,0,10,0
2026-07-15T16:15:52,S2,2,S2 lug-dic,2025,2,D040,52,0,0,10,0
2026-07-15T16:15:54,S2,2,S2 lug-dic,2025,2,D040,53,0,0,10,0
2026-07-15T16:15:56,S2,2,S2 lug-dic,2025,2,D040,54,0,0,10,0
2026-07-15T16:15:58,S2,2,S2 lug-dic,2025,2,D040,55,0,0,10,0
2026-07-15T16:16:01,S2,2,S2 lug-dic,2025,2,D040,56,0,0,10,0
2026-07-15T16:16:09,S2,2,S2 lug-dic,2025,2,D040,57,0,0,10,0
2026-07-15T16:16:28,S1,1,S1 gen-giu,2025,1,D040,16,10,0,0,0
2026-07-15T16:17:20,S2,2,S2 lug-dic,2025,2,D040,58,10,0,0,0
2026-07-15T16:17:39,S1,1,S1 gen-giu,2025,1,D040,17,10,0,0,0
2026-07-15T16:18:26,S2,2,S2 lug-dic,2025,2,D040,59,10,0,0,0
2026-07-15T16:18:40,S1,1,S1 gen-giu,2025,1,D040,18,10,0,0,0
2026-07-15T16:19:29,S2,2,S2 lug-dic,2025,2,D040,60,10,0,0,0
2026-07-15T16:19:44,S1,1,S1 gen-giu,2025,1,D040,19,10,0,0,0
2026-07-15T16:20:41,S2,2,S2 lug-dic,2025,2,D040,61,10,0,0,0
2026-07-15T16:20:46,S1,1,S1 gen-giu,2025,1,D040,20,10,0,0,0
2026-07-15T16:21:36,S2,2,S2 lug-dic,2025,2,D040,62,10,0,0,0
2026-07-15T16:21:53,S1,1,S1 gen-giu,2025,1,D040,21,10,0,0,0
2026-07-15T16:22:42,S2,2,S2 lug-dic,2025,2,D040,63,10,0,0,0
2026-07-15T16:23:07,S1,1,S1 gen-giu,2025,1,D040,22,10,0,0,0
2026-07-15T16:23:48,S2,2,S2 lug-dic,2025,2,D040,64,10,0,0,0
2026-07-15T16:24:11,S2,2,S2 lug-dic,2025,2,D040,1,0,0,10,0
2026-07-15T16:24:12,S2,2,S2 lug-dic,2025,2,D040,2,0,0,10,0
2026-07-15T16:24:13,S1,1,S1 gen-giu,2025,1,D040,23,10,0,0,0
2026-07-15T16:24:14,S2,2,S2 lug-dic,2025,2,D040,3,0,0,10,0
2026-07-15T16:24:15,S2,2,S2 lug-dic,2025,2,D040,4,0,0,10,0
2026-07-15T16:24:16,S2,2,S2 lug-dic,2025,2,D040,5,0,0,10,0
2026-07-15T16:24:55,S1,1,S1 gen-giu,2025,1,D040,24,10,0,0,0
2026-07-15T16:25:23,S1,1,S1 gen-giu,2025,1,D040,25,10,0,0,0
2026-07-15T16:25:55,S1,1,S1 gen-giu,2025,1,D040,26,10,0,0,0
2026-07-15T16:26:13,S2,2,S2 lug-dic,2025,2,D040,5,0,0,10,0
2026-07-15T16:26:26,S1,1,S1 gen-giu,2025,1,D040,27,10,0,0,0
2026-07-15T16:26:57,S1,1,S1 gen-giu,2025,1,D040,28,10,0,0,0
2026-07-15T16:27:11,S2,2,S2 lug-dic,2025,2,D040,5,0,0,10,0
2026-07-15T16:27:16,S2,2,S2 lug-dic,2025,2,D040,5,0,0,10,0
2026-07-15T16:27:21,S2,2,S2 lug-dic,2025,2,D040,5,0,0,10,0
2026-07-15T16:27:30,S1,1,S1 gen-giu,2025,1,D040,29,10,0,0,0
2026-07-15T16:28:05,S1,1,S1 gen-giu,2025,1,D040,30,10,0,0,0
2026-07-15T16:28:36,S1,1,S1 gen-giu,2025,1,D040,31,10,0,0,0
2026-07-15T16:28:47,S2,2,S2 lug-dic,2025,2,D040,5,0,0,10,0
2026-07-15T16:29:06,S1,1,S1 gen-giu,2025,1,D040,32,10,0,0,0
2026-07-15T16:29:37,S1,1,S1 gen-giu,2025,1,D040,33,10,0,0,0
2026-07-15T16:38:45,S1,1,S1 gen-giu,2025,1,D040,1,4,0,6,0
2026-07-15T16:38:47,S1,1,S1 gen-giu,2025,1,D040,2,0,0,10,0
2026-07-15T16:38:49,S1,1,S1 gen-giu,2025,1,D040,3,0,0,10,0
2026-07-15T16:38:51,S1,1,S1 gen-giu,2025,1,D040,4,0,0,10,0
2026-07-15T16:38:54,S1,1,S1 gen-giu,2025,1,D040,5,0,0,10,0
2026-07-15T16:39:03,S1,1,S1 gen-giu,2025,1,D040,6,0,0,10,0
2026-07-15T16:39:05,S1,1,S1 gen-giu,2025,1,D040,7,0,0,10,0
2026-07-15T16:39:07,S1,1,S1 gen-giu,2025,1,D040,8,0,0,10,0
2026-07-15T16:39:10,S1,1,S1 gen-giu,2025,1,D040,9,0,0,10,0
2026-07-15T16:39:11,S1,1,S1 gen-giu,2025,1,D040,10,0,0,10,0
2026-07-15T16:39:14,S1,1,S1 gen-giu,2025,1,D040,11,0,0,10,0
2026-07-15T16:39:16,S1,1,S1 gen-giu,2025,1,D040,12,0,0,10,0
2026-07-15T16:39:18,S1,1,S1 gen-giu,2025,1,D040,13,0,0,10,0
2026-07-15T16:39:20,S1,1,S1 gen-giu,2025,1,D040,14,0,0,10,0
2026-07-15T16:39:22,S1,1,S1 gen-giu,2025,1,D040,15,0,0,10,0
2026-07-15T16:39:24,S1,1,S1 gen-giu,2025,1,D040,16,0,0,10,0
2026-07-15T16:39:26,S1,1,S1 gen-giu,2025,1,D040,17,0,0,10,0
2026-07-15T16:39:28,S1,1,S1 gen-giu,2025,1,D040,18,0,0,10,0
2026-07-15T16:39:30,S1,1,S1 gen-giu,2025,1,D040,19,0,0,10,0
2026-07-15T16:39:32,S1,1,S1 gen-giu,2025,1,D040,20,0,0,10,0
2026-07-15T16:40:32,S1,1,S1 gen-giu,2025,1,D040,1,0,0,10,0
2026-07-15T16:40:33,S1,1,S1 gen-giu,2025,1,D040,2,0,0,10,0
2026-07-15T16:40:36,S1,1,S1 gen-giu,2025,1,D040,3,0,0,10,0
2026-07-15T16:40:38,S1,1,S1 gen-giu,2025,1,D040,4,0,0,10,0
2026-07-15T16:40:46,S1,1,S1 gen-giu,2025,1,D040,5,0,0,10,0
2026-07-15T16:40:55,S1,1,S1 gen-giu,2025,1,D040,6,0,0,10,0
2026-07-15T16:40:57,S1,1,S1 gen-giu,2025,1,D040,7,0,0,10,0
2026-07-15T16:40:59,S1,1,S1 gen-giu,2025,1,D040,8,0,0,10,0
2026-07-15T16:41:01,S1,1,S1 gen-giu,2025,1,D040,9,0,0,10,0
2026-07-15T16:41:04,S1,1,S1 gen-giu,2025,1,D040,10,0,0,10,0
2026-07-15T16:41:07,S1,1,S1 gen-giu,2025,1,D040,11,0,0,10,0
2026-07-15T16:41:09,S1,1,S1 gen-giu,2025,1,D040,12,0,0,10,0
2026-07-15T16:41:11,S1,1,S1 gen-giu,2025,1,D040,13,0,0,10,0
2026-07-15T16:41:20,S1,1,S1 gen-giu,2025,1,D040,14,0,0,10,0
2026-07-15T16:41:22,S1,1,S1 gen-giu,2025,1,D040,15,0,0,10,0
2026-07-15T16:44:18,S2,2,S2 lug-dic,2025,2,D040,64,0,0,10,0
2026-07-15T16:45:11,S2,2,S2 lug-dic,2025,2,D040,65,10,0,0,0
2026-07-15T16:46:04,S2,2,S2 lug-dic,2025,2,D040,66,10,0,0,0
2026-07-15T16:47:10,S2,2,S2 lug-dic,2025,2,D040,67,10,0,0,0
2026-07-15T16:48:02,S2,2,S2 lug-dic,2025,2,D040,68,10,0,0,0
2026-07-15T16:49:05,S2,2,S2 lug-dic,2025,2,D040,69,10,0,0,0
2026-07-15T16:49:34,S2,2,S2 lug-dic,2025,2,D040,70,10,0,0,0
2026-07-15T16:50:05,S2,2,S2 lug-dic,2025,2,D040,71,10,0,0,0
2026-07-15T16:51:15,S1,1,S1 gen-giu,2025,1,D040,27,0,0,10,0
2026-07-15T16:51:16,S1,1,S1 gen-giu,2025,1,D040,28,0,0,10,0
2026-07-15T16:51:18,S1,1,S1 gen-giu,2025,1,D040,29,0,0,10,0
2026-07-15T16:51:20,S1,1,S1 gen-giu,2025,1,D040,30,0,0,10,0
2026-07-15T16:53:11,S1,1,S1 gen-giu,2025,1,D040,30,0,0,10,0
2026-07-15T16:53:14,S1,1,S1 gen-giu,2025,1,D040,31,0,0,10,0
2026-07-15T16:53:22,S1,1,S1 gen-giu,2025,1,D040,32,0,0,10,0
2026-07-15T16:53:24,S1,1,S1 gen-giu,2025,1,D040,33,0,0,10,0
2026-07-15T16:53:33,S1,1,S1 gen-giu,2025,1,D040,34,0,0,10,0
2026-07-15T16:54:25,S1,1,S1 gen-giu,2025,1,D040,35,10,0,0,0
2026-07-15T16:56:37,S1,1,S1 gen-giu,2025,1,D040,1,0,0,10,0
2026-07-15T16:56:38,S1,1,S1 gen-giu,2025,1,D040,2,0,0,10,0
2026-07-15T16:57:10,S1,1,S1 gen-giu,2025,1,D040,1,0,0,10,0
2026-07-15T16:57:11,S1,1,S1 gen-giu,2025,1,D040,2,0,0,10,0
2026-07-15T16:57:24,S2,2,S2 lug-dic,2025,2,D040,1,0,0,10,0
2026-07-15T16:57:25,S2,2,S2 lug-dic,2025,2,D040,2,0,0,10,0
2026-07-15T16:57:27,S2,2,S2 lug-dic,2025,2,D040,3,0,0,10,0
2026-07-15T16:57:29,S2,2,S2 lug-dic,2025,2,D040,4,0,0,10,0
2026-07-15T16:57:30,S2,2,S2 lug-dic,2025,2,D040,5,0,0,10,0
2026-07-15T16:57:32,S2,2,S2 lug-dic,2025,2,D040,6,0,0,10,0
2026-07-15T16:57:33,S2,2,S2 lug-dic,2025,2,D040,7,0,0,10,0
2026-07-15T16:57:34,S2,2,S2 lug-dic,2025,2,D040,8,0,0,10,0
2026-07-15T16:57:36,S2,2,S2 lug-dic,2025,2,D040,9,0,0,10,0
2026-07-15T16:57:37,S2,2,S2 lug-dic,2025,2,D040,10,0,0,10,0
2026-07-15T16:58:18,S1,1,S1 gen-giu,2025,1,D040,2,0,0,10,0
2026-07-15T16:58:21,S1,1,S1 gen-giu,2025,1,D040,3,0,0,10,0
2026-07-15T16:58:22,S1,1,S1 gen-giu,2025,1,D040,4,0,0,10,0
2026-07-15T16:58:23,S1,1,S1 gen-giu,2025,1,D040,5,0,0,10,0
2026-07-15T16:58:24,S1,1,S1 gen-giu,2025,1,D040,6,0,0,10,0
2026-07-15T16:58:25,S1,1,S1 gen-giu,2025,1,D040,7,0,0,10,0
2026-07-15T16:58:27,S1,1,S1 gen-giu,2025,1,D040,8,0,0,10,0
2026-07-15T16:58:29,S1,1,S1 gen-giu,2025,1,D040,9,0,0,10,0
2026-07-15T16:58:29,S1,1,S1 gen-giu,2025,1,D040,10,0,0,10,0
2026-07-15T16:58:31,S1,1,S1 gen-giu,2025,1,D040,11,0,0,10,0
2026-07-15T16:58:32,S1,1,S1 gen-giu,2025,1,D040,12,0,0,10,0
2026-07-15T16:58:33,S1,1,S1 gen-giu,2025,1,D040,13,0,0,10,0
2026-07-15T16:58:54,S1,1,S1 gen-giu,2025,1,D040,13,0,0,10,0
2026-07-15T16:59:55,S1,1,S1 gen-giu,2025,1,D040,13,0,0,10,0
2026-07-15T17:00:42,S2,2,S2 lug-dic,2025,2,D040,10,0,0,10,0
2026-07-15T17:05:43,S1,1,S1 gen-giu,2025,1,D040,13,0,0,10,0
2026-07-15T17:05:46,S1,1,S1 gen-giu,2025,1,D040,14,0,0,10,0
2026-07-15T17:05:48,S1,1,S1 gen-giu,2025,1,D040,15,0,0,10,0
2026-07-15T17:05:50,S1,1,S1 gen-giu,2025,1,D040,16,0,0,10,0
2026-07-15T17:05:52,S1,1,S1 gen-giu,2025,1,D040,17,0,0,10,0
2026-07-15T17:05:54,S1,1,S1 gen-giu,2025,1,D040,18,0,0,10,0
2026-07-15T17:05:56,S1,1,S1 gen-giu,2025,1,D040,19,0,0,10,0
2026-07-15T17:05:58,S1,1,S1 gen-giu,2025,1,D040,20,0,0,10,0
2026-07-15T17:06:00,S1,1,S1 gen-giu,2025,1,D040,21,0,0,10,0
2026-07-15T17:06:02,S1,1,S1 gen-giu,2025,1,D040,22,0,0,10,0
2026-07-15T17:06:04,S1,1,S1 gen-giu,2025,1,D040,23,0,0,10,0
2026-07-15T17:06:06,S1,1,S1 gen-giu,2025,1,D040,24,0,0,10,0
2026-07-15T17:06:08,S1,1,S1 gen-giu,2025,1,D040,25,0,0,10,0
2026-07-15T17:06:10,S1,1,S1 gen-giu,2025,1,D040,26,0,0,10,0
2026-07-15T17:12:37,S1,1,S1 gen-giu,2025,1,D040,1,0,0,10,0
2026-07-15T17:12:38,S1,1,S1 gen-giu,2025,1,D040,2,0,0,10,0
2026-07-15T17:12:40,S1,1,S1 gen-giu,2025,1,D040,3,0,0,10,0
2026-07-15T17:12:42,S1,1,S1 gen-giu,2025,1,D040,4,0,0,10,0
2026-07-15T17:12:44,S1,1,S1 gen-giu,2025,1,D040,5,0,0,10,0
2026-07-15T17:12:46,S1,1,S1 gen-giu,2025,1,D040,6,0,0,10,0
2026-07-15T17:12:48,S2,2,S2 lug-dic,2025,2,D040,1,0,0,10,0
2026-07-15T17:12:48,S1,1,S1 gen-giu,2025,1,D040,7,0,0,10,0
2026-07-15T17:12:49,S2,2,S2 lug-dic,2025,2,D040,2,0,0,10,0
2026-07-15T17:12:50,S1,1,S1 gen-giu,2025,1,D040,8,0,0,10,0
2026-07-15T17:12:51,S2,2,S2 lug-dic,2025,2,D040,3,0,0,10,0
2026-07-15T17:12:52,S1,1,S1 gen-giu,2025,1,D040,9,0,0,10,0
2026-07-15T17:12:53,S2,2,S2 lug-dic,2025,2,D040,4,0,0,10,0
2026-07-15T17:12:54,S1,1,S1 gen-giu,2025,1,D040,10,0,0,10,0
2026-07-15T17:12:55,S2,2,S2 lug-dic,2025,2,D040,5,0,0,10,0
2026-07-15T17:12:57,S2,2,S2 lug-dic,2025,2,D040,6,0,0,10,0
2026-07-15T17:12:59,S2,2,S2 lug-dic,2025,2,D040,7,0,0,10,0
2026-07-15T17:13:01,S2,2,S2 lug-dic,2025,2,D040,8,0,0,10,0
2026-07-15T17:13:04,S2,2,S2 lug-dic,2025,2,D040,9,0,0,10,0
2026-07-15T17:13:06,S2,2,S2 lug-dic,2025,2,D040,10,0,0,10,0
2026-07-15T17:13:15,S2,2,S2 lug-dic,2025,2,D040,11,0,0,10,0
2026-07-15T17:14:17,S1,1,S1 gen-giu,2025,1,D040,10,0,0,10,0
2026-07-15T17:14:19,S2,2,S2 lug-dic,2025,2,D040,11,0,0,10,0
2026-07-15T17:14:48,S2,2,S2 lug-dic,2025,2,D040,1,0,0,10,0
2026-07-15T17:14:48,S2,2,S2 lug-dic,2025,2,D040,2,0,0,10,0
2026-07-15T17:14:50,S2,2,S2 lug-dic,2025,2,D040,3,0,0,10,0
2026-07-15T17:14:52,S2,2,S2 lug-dic,2025,2,D040,4,0,0,10,0
2026-07-15T17:14:55,S2,2,S2 lug-dic,2025,2,D040,5,0,0,10,0
2026-07-15T17:14:56,S2,2,S2 lug-dic,2025,2,D040,6,0,0,10,0
2026-07-15T17:14:59,S2,2,S2 lug-dic,2025,2,D040,7,0,0,10,0
2026-07-15T17:15:01,S2,2,S2 lug-dic,2025,2,D040,8,0,0,10,0
2026-07-15T17:15:03,S2,2,S2 lug-dic,2025,2,D040,9,0,0,10,0
2026-07-15T17:15:11,S1,1,S1 gen-giu,2025,1,D040,1,0,0,10,0
2026-07-15T17:15:12,S1,1,S1 gen-giu,2025,1,D040,2,0,0,10,0
2026-07-15T17:15:14,S1,1,S1 gen-giu,2025,1,D040,3,0,0,10,0
2026-07-15T17:18:37,S1,1,S1 gen-giu,2025,1,D040,1,0,0,10,0
2026-07-15T17:18:38,S1,1,S1 gen-giu,2025,1,D040,2,0,0,10,0
2026-07-15T17:18:46,S2,2,S2 lug-dic,2025,2,D040,1,0,0,10,0
2026-07-15T17:18:46,S1,1,S1 gen-giu,2025,1,D040,3,0,0,10,0
2026-07-15T17:18:48,S2,2,S2 lug-dic,2025,2,D040,2,0,0,10,0
2026-07-15T17:18:55,S1,1,S1 gen-giu,2025,1,D040,4,0,0,10,0
2026-07-15T17:18:56,S2,2,S2 lug-dic,2025,2,D040,3,0,0,10,0
2026-07-15T17:19:03,S1,1,S1 gen-giu,2025,1,D040,5,0,0,10,0
2026-07-15T17:19:04,S2,2,S2 lug-dic,2025,2,D040,4,0,0,10,0
2026-07-15T17:19:05,S1,1,S1 gen-giu,2025,1,D040,6,0,0,10,0
2026-07-15T17:19:06,S2,2,S2 lug-dic,2025,2,D040,5,0,0,10,0
2026-07-15T17:19:07,S1,1,S1 gen-giu,2025,1,D040,7,0,0,10,0
2026-07-15T17:19:08,S2,2,S2 lug-dic,2025,2,D040,6,0,0,10,0
2026-07-15T17:19:09,S1,1,S1 gen-giu,2025,1,D040,8,0,0,10,0
2026-07-15T17:19:10,S2,2,S2 lug-dic,2025,2,D040,7,0,0,10,0
2026-07-15T17:19:11,S1,1,S1 gen-giu,2025,1,D040,9,0,0,10,0
2026-07-15T17:19:13,S2,2,S2 lug-dic,2025,2,D040,8,0,0,10,0
2026-07-15T17:19:14,S1,1,S1 gen-giu,2025,1,D040,10,0,0,10,0
2026-07-15T17:19:15,S2,2,S2 lug-dic,2025,2,D040,9,0,0,10,0
2026-07-15T17:19:16,S1,1,S1 gen-giu,2025,1,D040,11,0,0,10,0
2026-07-15T17:19:17,S2,2,S2 lug-dic,2025,2,D040,10,0,0,10,0
2026-07-15T17:26:41,S1,1,S1 gen-giu,2025,1,D040,1,0,0,10,0
2026-07-15T17:26:41,S1,1,S1 gen-giu,2025,1,D040,2,0,0,10,0
2026-07-15T17:26:42,S1,1,S1 gen-giu,2025,1,D040,3,0,0,10,0
2026-07-15T17:26:43,S1,1,S1 gen-giu,2025,1,D040,4,0,0,10,0
2026-07-15T17:27:30,S1,1,S1 gen-giu,2025,1,D040,1,0,0,10,0
2026-07-15T17:27:30,S1,1,S1 gen-giu,2025,1,D040,2,0,0,10,0
2026-07-15T17:27:31,S1,1,S1 gen-giu,2025,1,D040,3,0,0,10,0
2026-07-15T17:30:36,S1,1,S1 gen-giu,2025,1,D040,1,0,0,10,0
2026-07-15T17:30:39,S1,1,S1 gen-giu,2025,1,D040,2,0,0,10,0
2026-07-15T17:30:42,S1,1,S1 gen-giu,2025,1,D040,3,0,0,10,0
2026-07-15T17:30:45,S1,1,S1 gen-giu,2025,1,D040,4,0,0,10,0
2026-07-15T17:30:48,S1,1,S1 gen-giu,2025,1,D040,5,0,0,10,0
2026-07-15T17:30:51,S1,1,S1 gen-giu,2025,1,D040,6,0,0,10,0
2026-07-15T17:30:55,S1,1,S1 gen-giu,2025,1,D040,7,0,0,10,0
2026-07-15T17:30:58,S1,1,S1 gen-giu,2025,1,D040,8,0,0,10,0
2026-07-15T17:31:01,S1,1,S1 gen-giu,2025,1,D040,9,0,0,10,0
2026-07-15T17:31:04,S1,1,S1 gen-giu,2025,1,D040,10,0,0,10,0
2026-07-16T09:12:21,S2,2,S2 lug-dic,2025,2,D040,11,0,0,10,0
2026-07-16T09:12:25,S2,2,S2 lug-dic,2025,2,D040,12,0,0,10,0
2026-07-16T09:18:22,S1,1,S1 gen-giu,2025,1,D040,1,0,0,10,0
2026-07-16T09:18:25,S1,1,S1 gen-giu,2025,1,D040,2,0,0,10,0
2026-07-16T09:18:28,S1,1,S1 gen-giu,2025,1,D040,3,0,0,10,0
2026-07-16T09:18:32,S1,1,S1 gen-giu,2025,1,D040,4,0,0,10,0
2026-07-16T09:18:37,S1,1,S1 gen-giu,2025,1,D040,5,0,0,10,0
2026-07-16T09:18:42,S1,1,S1 gen-giu,2025,1,D040,6,0,0,10,0
2026-07-16T09:18:47,S1,1,S1 gen-giu,2025,1,D040,7,0,0,10,0
2026-07-16T09:18:52,S1,1,S1 gen-giu,2025,1,D040,8,0,0,10,0
2026-07-16T09:18:58,S1,1,S1 gen-giu,2025,1,D040,9,0,0,10,0
2026-07-16T09:19:02,S1,1,S1 gen-giu,2025,1,D040,10,0,0,10,0
2026-07-16T09:19:07,S1,1,S1 gen-giu,2025,1,D040,11,0,0,10,0
2026-07-16T09:19:12,S1,1,S1 gen-giu,2025,1,D040,12,0,0,10,0
2026-07-16T09:19:18,S1,1,S1 gen-giu,2025,1,D040,13,0,0,10,0
2026-07-16T09:19:22,S1,1,S1 gen-giu,2025,1,D040,14,0,0,10,0
2026-07-16T09:19:27,S1,1,S1 gen-giu,2025,1,D040,15,0,0,10,0
2026-07-16T09:19:32,S1,1,S1 gen-giu,2025,1,D040,16,0,0,10,0
2026-07-16T09:19:38,S1,1,S1 gen-giu,2025,1,D040,17,0,0,10,0
2026-07-16T09:19:43,S1,1,S1 gen-giu,2025,1,D040,18,0,0,10,0
2026-07-16T09:19:48,S1,1,S1 gen-giu,2025,1,D040,19,0,0,10,0
2026-07-16T09:19:53,S1,1,S1 gen-giu,2025,1,D040,20,0,0,10,0
2026-07-16T09:19:58,S1,1,S1 gen-giu,2025,1,D040,21,0,0,10,0
2026-07-16T09:20:02,S1,1,S1 gen-giu,2025,1,D040,22,0,0,10,0
2026-07-16T09:20:05,S1,1,S1 gen-giu,2025,1,D040,23,0,0,10,0
2026-07-16T09:20:08,S1,1,S1 gen-giu,2025,1,D040,24,0,0,10,0
2026-07-16T09:20:12,S1,1,S1 gen-giu,2025,1,D040,25,0,0,10,0
2026-07-16T09:20:15,S1,1,S1 gen-giu,2025,1,D040,26,0,0,10,0
2026-07-16T09:20:18,S1,1,S1 gen-giu,2025,1,D040,27,0,0,10,0
2026-07-16T09:20:22,S1,1,S1 gen-giu,2025,1,D040,28,0,0,10,0
2026-07-16T09:20:25,S1,1,S1 gen-giu,2025,1,D040,29,0,0,10,0
2026-07-16T09:20:28,S1,1,S1 gen-giu,2025,1,D040,30,0,0,10,0
2026-07-16T09:20:31,S1,1,S1 gen-giu,2025,1,D040,31,0,0,10,0
2026-07-16T09:20:35,S1,1,S1 gen-giu,2025,1,D040,32,0,0,10,0
2026-07-16T09:20:38,S1,1,S1 gen-giu,2025,1,D040,33,0,0,10,0
2026-07-16T09:20:41,S1,1,S1 gen-giu,2025,1,D040,34,0,0,10,0
2026-07-16T09:20:46,S1,1,S1 gen-giu,2025,1,D040,35,0,0,10,0
2026-07-16T09:21:15,S1,1,S1 gen-giu,2025,1,D040,36,10,0,0,0
2026-07-16T09:21:18,S2,2,S2 lug-dic,2025,2,D040,1,0,0,10,0
2026-07-16T09:21:22,S2,2,S2 lug-dic,2025,2,D040,2,0,0,10,0
2026-07-16T09:21:27,S2,2,S2 lug-dic,2025,2,D040,3,0,0,10,0
2026-07-16T09:21:43,S1,1,S1 gen-giu,2025,1,D040,37,10,0,0,0
2026-07-16T09:22:11,S1,1,S1 gen-giu,2025,1,D040,38,10,0,0,0
2026-07-16T09:22:39,S1,1,S1 gen-giu,2025,1,D040,39,10,0,0,0
2026-07-16T09:23:05,S2,2,S2 lug-dic,2025,2,D040,1,0,0,10,0
2026-07-16T09:23:09,S2,2,S2 lug-dic,2025,2,D040,2,0,0,10,0
2026-07-16T09:23:10,S1,1,S1 gen-giu,2025,1,D040,40,10,0,0,0
2026-07-16T09:23:27,S2,2,S2 lug-dic,2025,2,D040,1,0,0,10,0
2026-07-16T09:23:30,S2,2,S2 lug-dic,2025,2,D040,2,0,0,10,0
2026-07-16T09:23:34,S2,2,S2 lug-dic,2025,2,D040,3,0,0,10,0
2026-07-16T09:23:37,S2,2,S2 lug-dic,2025,2,D040,4,0,0,10,0
2026-07-16T09:23:39,S1,1,S1 gen-giu,2025,1,D040,41,10,0,0,0
2026-07-16T09:23:40,S2,2,S2 lug-dic,2025,2,D040,5,0,0,10,0
2026-07-16T09:23:43,S2,2,S2 lug-dic,2025,2,D040,6,0,0,10,0
2026-07-16T09:23:47,S2,2,S2 lug-dic,2025,2,D040,7,0,0,10,0
2026-07-16T09:23:50,S2,2,S2 lug-dic,2025,2,D040,8,0,0,10,0
2026-07-16T09:23:53,S2,2,S2 lug-dic,2025,2,D040,9,0,0,10,0
2026-07-16T09:23:56,S2,2,S2 lug-dic,2025,2,D040,10,0,0,10,0
2026-07-16T09:24:00,S2,2,S2 lug-dic,2025,2,D040,11,0,0,10,0
2026-07-16T09:24:03,S2,2,S2 lug-dic,2025,2,D040,12,0,0,10,0
2026-07-16T09:24:06,S2,2,S2 lug-dic,2025,2,D040,13,0,0,10,0
2026-07-16T09:24:06,S1,1,S1 gen-giu,2025,1,D040,42,10,0,0,0
2026-07-16T09:24:10,S2,2,S2 lug-dic,2025,2,D040,14,0,0,10,0
2026-07-16T09:24:13,S2,2,S2 lug-dic,2025,2,D040,15,0,0,10,0
2026-07-16T09:24:17,S2,2,S2 lug-dic,2025,2,D040,16,0,0,10,0
2026-07-16T09:24:20,S2,2,S2 lug-dic,2025,2,D040,17,0,0,10,0
2026-07-16T09:24:23,S2,2,S2 lug-dic,2025,2,D040,18,0,0,9,1
2026-07-16T09:24:27,S2,2,S2 lug-dic,2025,2,D040,19,0,0,10,0
2026-07-16T09:24:30,S2,2,S2 lug-dic,2025,2,D040,20,0,0,10,0
2026-07-16T09:24:33,S2,2,S2 lug-dic,2025,2,D040,21,0,0,10,0
2026-07-16T09:24:33,S1,1,S1 gen-giu,2025,1,D040,43,10,0,0,0
2026-07-16T09:24:36,S2,2,S2 lug-dic,2025,2,D040,22,0,0,10,0
2026-07-16T09:24:40,S2,2,S2 lug-dic,2025,2,D040,23,0,0,10,0
2026-07-16T09:24:45,S2,2,S2 lug-dic,2025,2,D040,24,0,0,10,0
2026-07-16T09:24:50,S2,2,S2 lug-dic,2025,2,D040,25,0,0,10,0
2026-07-16T09:24:55,S2,2,S2 lug-dic,2025,2,D040,26,0,0,10,0
2026-07-16T09:25:00,S2,2,S2 lug-dic,2025,2,D040,27,0,0,10,0
2026-07-16T09:25:05,S2,2,S2 lug-dic,2025,2,D040,28,0,0,10,0
2026-07-16T09:25:11,S2,2,S2 lug-dic,2025,2,D040,29,0,0,10,0
2026-07-16T09:25:14,S2,2,S2 lug-dic,2025,2,D040,30,0,0,10,0
2026-07-16T09:25:17,S2,2,S2 lug-dic,2025,2,D040,31,0,0,10,0
2026-07-16T09:25:22,S2,2,S2 lug-dic,2025,2,D040,32,0,0,10,0
2026-07-16T09:25:28,S2,2,S2 lug-dic,2025,2,D040,33,0,0,10,0
2026-07-16T09:25:33,S2,2,S2 lug-dic,2025,2,D040,34,0,0,10,0
2026-07-16T09:25:38,S2,2,S2 lug-dic,2025,2,D040,35,0,0,10,0
2026-07-16T09:25:43,S2,2,S2 lug-dic,2025,2,D040,36,0,0,10,0
2026-07-16T09:25:48,S2,2,S2 lug-dic,2025,2,D040,37,0,0,10,0
2026-07-16T09:25:53,S2,2,S2 lug-dic,2025,2,D040,38,0,0,10,0
2026-07-16T09:25:58,S2,2,S2 lug-dic,2025,2,D040,39,0,0,10,0
2026-07-16T09:26:03,S2,2,S2 lug-dic,2025,2,D040,40,0,0,10,0
2026-07-16T09:26:06,S2,2,S2 lug-dic,2025,2,D040,41,0,0,10,0
2026-07-16T09:26:09,S2,2,S2 lug-dic,2025,2,D040,42,0,0,10,0
2026-07-16T09:26:13,S2,2,S2 lug-dic,2025,2,D040,43,0,0,10,0
2026-07-16T09:26:16,S2,2,S2 lug-dic,2025,2,D040,44,0,0,10,0
2026-07-16T09:26:19,S2,2,S2 lug-dic,2025,2,D040,45,0,0,10,0
2026-07-16T09:26:22,S2,2,S2 lug-dic,2025,2,D040,46,0,0,10,0
2026-07-16T09:26:26,S2,2,S2 lug-dic,2025,2,D040,47,0,0,10,0
2026-07-16T09:26:29,S2,2,S2 lug-dic,2025,2,D040,48,0,0,10,0
2026-07-16T09:26:32,S2,2,S2 lug-dic,2025,2,D040,49,0,0,10,0
2026-07-16T09:26:35,S2,2,S2 lug-dic,2025,2,D040,50,0,0,10,0
2026-07-16T09:26:39,S2,2,S2 lug-dic,2025,2,D040,51,0,0,10,0
2026-07-16T09:26:42,S2,2,S2 lug-dic,2025,2,D040,52,0,0,10,0
2026-07-16T09:26:45,S2,2,S2 lug-dic,2025,2,D040,53,0,0,10,0
2026-07-16T09:26:48,S2,2,S2 lug-dic,2025,2,D040,54,0,0,10,0
2026-07-16T09:26:52,S2,2,S2 lug-dic,2025,2,D040,55,0,0,10,0
2026-07-16T09:26:55,S2,2,S2 lug-dic,2025,2,D040,56,0,0,10,0
2026-07-16T09:26:58,S2,2,S2 lug-dic,2025,2,D040,57,0,0,10,0
2026-07-16T09:27:01,S2,2,S2 lug-dic,2025,2,D040,58,0,0,10,0
2026-07-16T09:27:05,S2,2,S2 lug-dic,2025,2,D040,59,0,0,10,0
2026-07-16T09:27:08,S2,2,S2 lug-dic,2025,2,D040,60,0,0,10,0
2026-07-16T09:27:11,S2,2,S2 lug-dic,2025,2,D040,61,0,0,10,0
2026-07-16T09:27:14,S2,2,S2 lug-dic,2025,2,D040,62,0,0,10,0
2026-07-16T09:27:17,S2,2,S2 lug-dic,2025,2,D040,63,0,0,10,0
2026-07-16T09:27:21,S2,2,S2 lug-dic,2025,2,D040,64,0,0,10,0
2026-07-16T09:27:24,S2,2,S2 lug-dic,2025,2,D040,65,0,0,10,0
2026-07-16T09:27:28,S2,2,S2 lug-dic,2025,2,D040,66,0,0,10,0
2026-07-16T09:27:31,S2,2,S2 lug-dic,2025,2,D040,67,0,0,10,0
2026-07-16T09:27:35,S2,2,S2 lug-dic,2025,2,D040,68,0,0,10,0
2026-07-16T09:27:38,S2,2,S2 lug-dic,2025,2,D040,69,0,0,10,0
2026-07-16T09:27:42,S2,2,S2 lug-dic,2025,2,D040,70,0,0,10,0
2026-07-16T09:27:45,S2,2,S2 lug-dic,2025,2,D040,71,0,0,10,0
2026-07-16T09:28:26,S2,2,S2 lug-dic,2025,2,D040,72,10,0,0,0
2026-07-16T09:59:27,S1,1,S1 gen-giu,2025,1,E020,1,0,0,10,0
2026-07-16T09:59:32,S1,1,S1 gen-giu,2025,1,E020,2,0,0,10,0
2026-07-16T09:59:36,S1,1,S1 gen-giu,2025,1,E020,3,0,0,10,0
2026-07-16T10:00:27,S1,1,S1 gen-giu,2025,1,E020,4,0,0,10,0
2026-07-16T10:00:30,S1,1,S1 gen-giu,2025,1,E020,5,0,7,1,0
2026-07-16T10:04:29,S1,1,S1 gen-giu,2025,1,E020,1,0,0,10,0
2026-07-16T10:04:32,S1,1,S1 gen-giu,2025,1,E020,2,0,0,10,0
2026-07-16T10:04:38,S1,1,S1 gen-giu,2025,1,E020,3,0,0,10,0
2026-07-16T10:04:43,S1,1,S1 gen-giu,2025,1,E020,4,0,0,10,0
2026-07-16T10:06:41,S1,1,S1 gen-giu,2025,1,E020,1,0,0,10,0
2026-07-16T10:06:45,S1,1,S1 gen-giu,2025,1,E020,2,0,0,10,0
2026-07-16T10:06:50,S1,1,S1 gen-giu,2025,1,E020,3,0,0,10,0
2026-07-16T10:06:55,S1,1,S1 gen-giu,2025,1,E020,4,0,0,10,0
2026-07-16T10:07:00,S1,1,S1 gen-giu,2025,1,E020,5,0,7,1,0
2026-07-16T10:07:14,S1,1,S1 gen-giu,2025,1,E010,1,0,0,10,0
2026-07-16T10:07:18,S1,1,S1 gen-giu,2025,1,E010,2,0,0,8,2
2026-07-16T10:07:23,S1,1,S1 gen-giu,2025,1,E010,3,0,0,10,0
2026-07-16T10:07:28,S1,1,S1 gen-giu,2025,1,E010,4,0,0,10,0
2026-07-16T10:07:34,S1,1,S1 gen-giu,2025,1,E010,5,0,0,9,1
2026-07-16T10:07:38,S1,1,S1 gen-giu,2025,1,E010,6,0,0,10,0
2026-07-16T10:07:43,S1,1,S1 gen-giu,2025,1,E010,7,0,0,10,0
2026-07-16T10:07:48,S1,1,S1 gen-giu,2025,1,E010,8,0,0,10,0
2026-07-16T10:07:53,S1,1,S1 gen-giu,2025,1,E010,9,0,0,10,0
2026-07-16T10:07:59,S1,1,S1 gen-giu,2025,1,E010,10,0,0,10,0
2026-07-16T10:08:59,S1,1,S1 gen-giu,2025,1,E010,11,10,0,0,0
2026-07-16T10:09:55,S1,1,S1 gen-giu,2025,1,E010,12,10,0,0,0
2026-07-16T10:10:58,S1,1,S1 gen-giu,2025,1,E010,13,10,0,0,0
2026-07-16T10:11:43,S1,1,S1 gen-giu,2025,1,E010,14,10,0,0,0
2026-07-16T10:12:17,S1,1,S1 gen-giu,2025,1,E010,15,10,0,0,0
2026-07-16T10:12:49,S1,1,S1 gen-giu,2025,1,E010,16,9,0,0,1
2026-07-16T10:13:24,S1,1,S1 gen-giu,2025,1,E010,17,10,0,0,0
2026-07-16T10:13:59,S1,1,S1 gen-giu,2025,1,E010,18,10,0,0,0
2026-07-16T10:14:33,S1,1,S1 gen-giu,2025,1,E010,19,10,0,0,0
2026-07-16T10:15:08,S1,1,S1 gen-giu,2025,1,E010,20,10,0,0,0
2026-07-16T10:15:43,S1,1,S1 gen-giu,2025,1,E010,21,10,0,0,0
2026-07-16T10:16:04,S2,2,S2 lug-dic,2025,2,D040,1,0,0,10,0
2026-07-16T10:16:22,S1,1,S1 gen-giu,2025,1,E010,22,10,0,0,0
2026-07-16T10:16:59,S1,1,S1 gen-giu,2025,1,E010,23,10,0,0,0
2026-07-16T10:17:21,S1,1,S1 gen-giu,2025,1,E010,24,6,0,4,0
2026-07-16T10:17:24,S1,1,S1 gen-giu,2025,1,E010,25,0,0,10,0
2026-07-16T10:17:41,S1,1,S1 gen-giu,2025,1,E010,26,4,0,6,0
2026-07-16T10:18:06,S1,1,S1 gen-giu,2025,1,E010,27,6,0,4,0
2026-07-16T10:18:23,S1,1,S1 gen-giu,2025,1,E010,28,4,0,6,0
2026-07-16T10:29:42,S1,1,S1 gen-giu,2025,1,D040,44,0,0,10,0
2026-07-16T10:30:14,S1,1,S1 gen-giu,2025,1,D040,45,10,0,0,0
2026-07-16T10:30:22,S2,2,S2 lug-dic,2025,2,D040,73,0,0,10,0
2026-07-16T10:30:46,S1,1,S1 gen-giu,2025,1,D040,46,10,0,0,0
2026-07-16T10:31:17,S1,1,S1 gen-giu,2025,1,D040,47,10,0,0,0
2026-07-16T10:31:50,S1,1,S1 gen-giu,2025,1,D040,48,10,0,0,0
2026-07-16T10:32:24,S1,1,S1 gen-giu,2025,1,D040,49,10,0,0,0
2026-07-16T10:32:55,S1,1,S1 gen-giu,2025,1,D040,50,10,0,0,0
2026-07-16T10:33:31,S1,1,S1 gen-giu,2025,1,D040,51,10,0,0,0
2026-07-16T10:34:03,S1,1,S1 gen-giu,2025,1,D040,52,10,0,0,0
2026-07-16T10:34:34,S1,1,S1 gen-giu,2025,1,D040,53,10,0,0,0
2026-07-16T10:35:05,S1,1,S1 gen-giu,2025,1,D040,54,10,0,0,0
2026-07-16T10:35:38,S1,1,S1 gen-giu,2025,1,D040,55,10,0,0,0
2026-07-16T10:36:13,S1,1,S1 gen-giu,2025,1,D040,56,10,0,0,0
2026-07-16T10:36:46,S1,1,S1 gen-giu,2025,1,D040,57,10,0,0,0
2026-07-16T10:37:17,S1,1,S1 gen-giu,2025,1,D040,58,10,0,0,0
2026-07-16T10:37:51,S1,1,S1 gen-giu,2025,1,D040,59,10,0,0,0
2026-07-16T10:48:58,S1,1,S1 gen-giu,2025,1,D040,59,0,0,10,0
2026-07-16T10:49:31,S1,1,S1 gen-giu,2025,1,D040,60,10,0,0,0
2026-07-16T10:50:08,S1,1,S1 gen-giu,2025,1,D040,61,10,0,0,0
2026-07-16T10:50:41,S1,1,S1 gen-giu,2025,1,D040,62,10,0,0,0
2026-07-16T10:51:17,S1,1,S1 gen-giu,2025,1,D040,63,10,0,0,0
2026-07-16T10:51:52,S1,1,S1 gen-giu,2025,1,D040,64,10,0,0,0
2026-07-16T10:52:26,S1,1,S1 gen-giu,2025,1,D040,65,10,0,0,0
2026-07-16T10:53:00,S1,1,S1 gen-giu,2025,1,D040,66,10,0,0,0
2026-07-16T10:53:36,S1,1,S1 gen-giu,2025,1,D040,67,10,0,0,0
2026-07-16T10:54:15,S1,1,S1 gen-giu,2025,1,D040,68,10,0,0,0
2026-07-16T10:54:49,S1,1,S1 gen-giu,2025,1,D040,69,10,0,0,0
2026-07-16T10:55:20,S1,1,S1 gen-giu,2025,1,D040,70,9,0,0,1
2026-07-16T10:55:50,S1,1,S1 gen-giu,2025,1,D040,71,9,0,0,1
2026-07-16T10:56:27,S1,1,S1 gen-giu,2025,1,D040,72,10,0,0,0
2026-07-16T10:59:13,S1,1,S1 gen-giu,2025,1,D040,1,0,0,10,0
2026-07-16T10:59:17,S1,1,S1 gen-giu,2025,1,D040,2,0,0,10,0
2026-07-16T10:59:20,S1,1,S1 gen-giu,2025,1,D040,3,0,0,10,0
2026-07-16T10:59:24,S1,1,S1 gen-giu,2025,1,D040,4,0,0,10,0
2026-07-16T10:59:27,S1,1,S1 gen-giu,2025,1,D040,5,0,0,10,0
2026-07-16T10:59:33,S1,1,S1 gen-giu,2025,1,D040,6,0,0,10,0
2026-07-16T10:59:36,S1,1,S1 gen-giu,2025,1,D040,7,0,0,10,0
2026-07-16T10:59:39,S1,1,S1 gen-giu,2025,1,D040,8,0,0,10,0
2026-07-16T10:59:43,S1,1,S1 gen-giu,2025,1,D040,9,0,0,10,0
2026-07-16T10:59:46,S1,1,S1 gen-giu,2025,1,D040,10,0,0,10,0
2026-07-16T10:59:50,S1,1,S1 gen-giu,2025,1,D040,11,0,0,10,0
2026-07-16T10:59:53,S1,1,S1 gen-giu,2025,1,D040,12,0,0,10,0
2026-07-16T10:59:56,S1,1,S1 gen-giu,2025,1,D040,13,0,0,10,0
2026-07-16T11:00:00,S1,1,S1 gen-giu,2025,1,D040,14,0,0,10,0
2026-07-16T11:00:03,S1,1,S1 gen-giu,2025,1,D040,15,0,0,10,0
2026-07-16T11:00:07,S1,1,S1 gen-giu,2025,1,D040,16,0,0,10,0
2026-07-16T11:00:10,S1,1,S1 gen-giu,2025,1,D040,17,0,0,10,0
2026-07-16T11:00:13,S1,1,S1 gen-giu,2025,1,D040,18,0,0,10,0
2026-07-16T11:00:17,S1,1,S1 gen-giu,2025,1,D040,19,0,0,10,0
2026-07-16T11:00:21,S1,1,S1 gen-giu,2025,1,D040,20,0,0,10,0
2026-07-16T11:00:25,S1,1,S1 gen-giu,2025,1,D040,21,0,0,10,0
2026-07-16T11:00:28,S1,1,S1 gen-giu,2025,1,D040,22,0,0,10,0
2026-07-16T11:00:31,S1,1,S1 gen-giu,2025,1,D040,23,0,0,10,0
2026-07-16T11:00:35,S1,1,S1 gen-giu,2025,1,D040,24,0,0,10,0
2026-07-16T11:00:38,S1,1,S1 gen-giu,2025,1,D040,25,0,0,10,0
2026-07-16T11:00:42,S1,1,S1 gen-giu,2025,1,D040,26,0,0,10,0
2026-07-16T11:00:45,S1,1,S1 gen-giu,2025,1,D040,27,0,0,10,0
2026-07-16T11:00:48,S1,1,S1 gen-giu,2025,1,D040,28,0,0,10,0
2026-07-16T11:00:52,S1,1,S1 gen-giu,2025,1,D040,29,0,0,10,0
2026-07-16T11:00:55,S1,1,S1 gen-giu,2025,1,D040,30,0,0,10,0
2026-07-16T11:03:15,S1,1,S1 gen-giu,2025,1,D040,72,0,0,10,0
2026-07-16T11:11:21,S1,1,S1 gen-giu,2025,1,D040,72,0,0,10,0
2026-07-16T11:11:53,S1,1,S1 gen-giu,2025,1,D040,73,10,0,0,0
2026-07-16T11:12:26,S1,1,S1 gen-giu,2025,1,D040,74,10,0,0,0
2026-07-16T11:12:59,S1,1,S1 gen-giu,2025,1,D040,75,10,0,0,0
2026-07-16T11:13:32,S1,1,S1 gen-giu,2025,1,D040,76,10,0,0,0
2026-07-16T11:14:04,S1,1,S1 gen-giu,2025,1,D040,77,10,0,0,0
2026-07-16T11:14:32,S1,1,S1 gen-giu,2025,1,D040,78,10,0,0,0
2026-07-16T11:15:01,S1,1,S1 gen-giu,2025,1,D040,79,10,0,0,0
2026-07-16T11:15:30,S1,1,S1 gen-giu,2025,1,D040,80,10,0,0,0
2026-07-16T11:16:00,S1,1,S1 gen-giu,2025,1,D040,81,10,0,0,0
2026-07-16T11:16:27,S1,1,S1 gen-giu,2025,1,D040,82,9,0,1,0
2026-07-16T11:16:58,S1,1,S1 gen-giu,2025,1,D040,83,10,0,0,0
2026-07-16T11:17:27,S1,1,S1 gen-giu,2025,1,D040,84,10,0,0,0
2026-07-16T11:17:57,S1,1,S1 gen-giu,2025,1,D040,85,10,0,0,0
2026-07-16T11:18:29,S1,1,S1 gen-giu,2025,1,D040,86,10,0,0,0
2026-07-16T11:19:00,S1,1,S1 gen-giu,2025,1,D040,87,10,0,0,0
2026-07-16T11:19:29,S1,1,S1 gen-giu,2025,1,D040,88,10,0,0,0
2026-07-16T11:19:59,S1,1,S1 gen-giu,2025,1,D040,89,10,0,0,0
2026-07-16T11:20:30,S1,1,S1 gen-giu,2025,1,D040,90,10,0,0,0
2026-07-16T11:21:00,S1,1,S1 gen-giu,2025,1,D040,91,10,0,0,0
2026-07-16T11:21:22,S1,1,S1 gen-giu,2025,1,D040,92,7,0,0,3
2026-07-16T11:21:52,S1,1,S1 gen-giu,2025,1,D040,93,10,0,0,0
2026-07-16T11:22:27,S1,1,S1 gen-giu,2025,1,D040,94,10,0,0,0
2026-07-16T11:23:03,S1,1,S1 gen-giu,2025,1,D040,95,10,0,0,0
2026-07-16T11:23:43,S1,1,S1 gen-giu,2025,1,D040,96,10,0,0,0
2026-07-16T11:24:25,S1,1,S1 gen-giu,2025,1,D040,97,10,0,0,0
2026-07-16T11:25:05,S1,1,S1 gen-giu,2025,1,D040,98,10,0,0,0
2026-07-16T11:25:45,S1,1,S1 gen-giu,2025,1,D040,99,10,0,0,0
2026-07-16T11:29:54,S1,1,S1 gen-giu,2025,1,D040,100,9,0,1,0
2026-07-16T11:30:29,S1,1,S1 gen-giu,2025,1,D040,101,10,0,0,0
2026-07-16T11:31:06,S1,1,S1 gen-giu,2025,1,D040,102,10,0,0,0
2026-07-16T11:31:44,S1,1,S1 gen-giu,2025,1,D040,103,10,0,0,0
2026-07-16T11:32:25,S1,1,S1 gen-giu,2025,1,D040,104,10,0,0,0
2026-07-16T11:33:02,S1,1,S1 gen-giu,2025,1,D040,105,10,0,0,0
2026-07-16T11:33:40,S1,1,S1 gen-giu,2025,1,D040,106,10,0,0,0
2026-07-16T11:34:24,S1,1,S1 gen-giu,2025,1,D040,107,10,0,0,0
2026-07-16T11:36:04,S1,1,S1 gen-giu,2025,1,D040,108,0,0,10,0
2026-07-16T11:51:20,S1,1,S1 gen-giu,2025,1,D040,109,10,0,0,0
2026-07-16T11:51:54,S1,1,S1 gen-giu,2025,1,D040,110,10,0,0,0
2026-07-16T11:52:29,S1,1,S1 gen-giu,2025,1,D040,111,10,0,0,0
2026-07-16T11:53:08,S1,1,S1 gen-giu,2025,1,D040,112,10,0,0,0
2026-07-16T11:53:40,S1,1,S1 gen-giu,2025,1,D040,113,10,0,0,0
2026-07-16T11:54:17,S1,1,S1 gen-giu,2025,1,D040,114,10,0,0,0
2026-07-16T11:55:02,S1,1,S1 gen-giu,2025,1,D040,115,10,0,0,0
2026-07-16T11:55:50,S1,1,S1 gen-giu,2025,1,D040,116,10,0,0,0
2026-07-16T11:56:37,S1,1,S1 gen-giu,2025,1,D040,117,10,0,0,0
2026-07-16T11:57:30,S1,1,S1 gen-giu,2025,1,D040,118,10,0,0,0
2026-07-16T11:58:05,S1,1,S1 gen-giu,2025,1,D040,119,9,0,0,1
2026-07-16T11:58:38,S1,1,S1 gen-giu,2025,1,D040,120,10,0,0,0
2026-07-16T11:59:10,S1,1,S1 gen-giu,2025,1,D040,121,10,0,0,0
2026-07-16T11:59:42,S1,1,S1 gen-giu,2025,1,D040,122,10,0,0,0
2026-07-16T12:00:13,S1,1,S1 gen-giu,2025,1,D040,123,10,0,0,0
2026-07-16T12:00:47,S1,1,S1 gen-giu,2025,1,D040,124,10,0,0,0
2026-07-16T12:01:19,S1,1,S1 gen-giu,2025,1,D040,125,10,0,0,0
2026-07-16T12:01:52,S1,1,S1 gen-giu,2025,1,D040,126,10,0,0,0
2026-07-16T12:02:27,S1,1,S1 gen-giu,2025,1,D040,127,10,0,0,0
2026-07-16T12:02:57,S1,1,S1 gen-giu,2025,1,D040,128,9,0,0,1
2026-07-16T12:03:35,S1,1,S1 gen-giu,2025,1,D040,129,10,0,0,0
2026-07-16T12:04:12,S1,1,S1 gen-giu,2025,1,D040,130,10,0,0,0
2026-07-16T12:04:45,S1,1,S1 gen-giu,2025,1,D040,131,10,0,0,0
2026-07-16T12:05:20,S1,1,S1 gen-giu,2025,1,D040,132,10,0,0,0
2026-07-16T12:05:56,S1,1,S1 gen-giu,2025,1,D040,133,10,0,0,0
2026-07-16T12:06:35,S1,1,S1 gen-giu,2025,1,D040,134,10,0,0,0
2026-07-16T12:07:19,S1,1,S1 gen-giu,2025,1,D040,135,10,0,0,0
2026-07-16T12:08:07,S1,1,S1 gen-giu,2025,1,D040,136,10,0,0,0
2026-07-16T12:08:51,S1,1,S1 gen-giu,2025,1,D040,137,9,0,0,1
2026-07-16T12:09:38,S1,1,S1 gen-giu,2025,1,D040,138,10,0,0,0
2026-07-16T12:10:25,S1,1,S1 gen-giu,2025,1,D040,139,10,0,0,0
2026-07-16T12:11:10,S1,1,S1 gen-giu,2025,1,D040,140,10,0,0,0
2026-07-16T12:11:58,S1,1,S1 gen-giu,2025,1,D040,141,10,0,0,0
2026-07-16T12:12:48,S1,1,S1 gen-giu,2025,1,D040,142,10,0,0,0
2026-07-16T12:13:42,S1,1,S1 gen-giu,2025,1,D040,143,10,0,0,0
2026-07-16T12:14:29,S1,1,S1 gen-giu,2025,1,D040,144,10,0,0,0
2026-07-16T12:15:49,S1,1,S1 gen-giu,2025,1,D040,1,0,0,10,0
2026-07-16T12:15:53,S1,1,S1 gen-giu,2025,1,D040,2,0,0,10,0
2026-07-16T12:15:56,S1,1,S1 gen-giu,2025,1,D040,3,0,0,10,0
2026-07-16T12:16:00,S1,1,S1 gen-giu,2025,1,D040,4,0,0,10,0
2026-07-16T12:16:03,S1,1,S1 gen-giu,2025,1,D040,5,0,0,10,0
2026-07-16T12:16:07,S1,1,S1 gen-giu,2025,1,D040,6,0,0,10,0
2026-07-16T12:16:10,S1,1,S1 gen-giu,2025,1,D040,7,0,0,10,0
2026-07-16T12:16:14,S1,1,S1 gen-giu,2025,1,D040,8,0,0,10,0
2026-07-16T12:16:17,S1,1,S1 gen-giu,2025,1,D040,9,0,0,10,0
2026-07-16T12:16:26,S1,1,S1 gen-giu,2025,1,D040,109,0,0,10,0
2026-07-16T12:22:19,S1B,1,S1 gen-giu,2025,1,B030,1,9,0,1,0
2026-07-16T12:22:38,S1,1,S1 gen-giu,2025,1,D040,109,0,0,10,0
2026-07-16T12:22:42,S1,1,S1 gen-giu,2025,1,D040,110,0,0,10,0
2026-07-16T12:22:44,S1B,1,S1 gen-giu,2025,1,B030,2,8,0,2,0
2026-07-16T12:22:45,S1,1,S1 gen-giu,2025,1,D040,111,0,0,10,0
2026-07-16T12:22:49,S1,1,S1 gen-giu,2025,1,D040,112,0,0,10,0
2026-07-16T12:22:52,S1,1,S1 gen-giu,2025,1,D040,113,0,0,10,0
2026-07-16T12:22:55,S1,1,S1 gen-giu,2025,1,D040,114,0,0,10,0
2026-07-16T12:22:59,S1,1,S1 gen-giu,2025,1,D040,115,0,0,10,0
2026-07-16T12:23:02,S1,1,S1 gen-giu,2025,1,D040,116,0,0,10,0
2026-07-16T12:23:06,S1,1,S1 gen-giu,2025,1,D040,117,0,0,10,0
2026-07-16T12:23:09,S1,1,S1 gen-giu,2025,1,D040,118,0,0,10,0
2026-07-16T12:23:13,S1,1,S1 gen-giu,2025,1,D040,119,0,0,9,1
2026-07-16T12:23:14,S1B,1,S1 gen-giu,2025,1,B030,3,9,0,1,0
2026-07-16T12:23:16,S1,1,S1 gen-giu,2025,1,D040,120,0,0,10,0
2026-07-16T12:23:19,S1,1,S1 gen-giu,2025,1,D040,121,0,0,10,0
2026-07-16T12:23:23,S1,1,S1 gen-giu,2025,1,D040,122,0,0,10,0
2026-07-16T12:23:26,S1,1,S1 gen-giu,2025,1,D040,123,0,0,10,0
2026-07-16T12:23:30,S1,1,S1 gen-giu,2025,1,D040,124,0,0,10,0
2026-07-16T12:23:33,S1,1,S1 gen-giu,2025,1,D040,125,0,0,10,0
2026-07-16T12:23:37,S1,1,S1 gen-giu,2025,1,D040,126,0,0,10,0
2026-07-16T12:23:40,S1,1,S1 gen-giu,2025,1,D040,127,0,0,10,0
2026-07-16T12:23:44,S1,1,S1 gen-giu,2025,1,D040,128,0,0,9,1
2026-07-16T12:23:45,S1B,1,S1 gen-giu,2025,1,B030,4,9,0,1,0
2026-07-16T12:23:47,S1,1,S1 gen-giu,2025,1,D040,129,0,0,10,0
2026-07-16T12:23:51,S1,1,S1 gen-giu,2025,1,D040,130,0,0,10,0
2026-07-16T12:23:54,S1,1,S1 gen-giu,2025,1,D040,131,0,0,10,0
2026-07-16T12:23:58,S1,1,S1 gen-giu,2025,1,D040,132,0,0,10,0
2026-07-16T12:24:02,S1,1,S1 gen-giu,2025,1,D040,133,0,0,10,0
2026-07-16T12:24:05,S1,1,S1 gen-giu,2025,1,D040,134,0,0,10,0
2026-07-16T12:24:09,S1,1,S1 gen-giu,2025,1,D040,135,0,0,10,0
2026-07-16T12:24:12,S1,1,S1 gen-giu,2025,1,D040,136,0,0,10,0
2026-07-16T12:24:15,S1,1,S1 gen-giu,2025,1,D040,137,0,0,9,1
2026-07-16T12:24:19,S1,1,S1 gen-giu,2025,1,D040,138,0,0,10,0
2026-07-16T12:24:23,S1,1,S1 gen-giu,2025,1,D040,139,0,0,10,0
2026-07-16T12:24:23,S1B,1,S1 gen-giu,2025,1,B030,5,10,0,0,0
2026-07-16T12:24:26,S1,1,S1 gen-giu,2025,1,D040,140,0,0,10,0
2026-07-16T12:24:29,S1,1,S1 gen-giu,2025,1,D040,141,0,0,10,0
2026-07-16T12:24:33,S1,1,S1 gen-giu,2025,1,D040,142,0,0,10,0
2026-07-16T12:24:36,S1,1,S1 gen-giu,2025,1,D040,143,0,0,10,0
2026-07-16T12:24:40,S1,1,S1 gen-giu,2025,1,D040,144,0,0,10,0
2026-07-16T12:24:57,S1B,1,S1 gen-giu,2025,1,B030,6,10,0,0,0
2026-07-16T12:25:14,S1,1,S1 gen-giu,2025,1,D040,145,10,0,0,0
2026-07-16T12:25:32,S1B,1,S1 gen-giu,2025,1,B030,7,10,0,0,0
2026-07-16T12:25:48,S1,1,S1 gen-giu,2025,1,D040,146,10,0,0,0
2026-07-16T12:26:10,S1B,1,S1 gen-giu,2025,1,B030,8,10,0,0,0
2026-07-16T12:26:24,S1,1,S1 gen-giu,2025,1,D040,147,10,0,0,0
2026-07-16T12:26:42,S1B,1,S1 gen-giu,2025,1,B030,9,9,0,1,0
2026-07-16T12:26:57,S1,1,S1 gen-giu,2025,1,D040,148,10,0,0,0
2026-07-16T12:27:18,S1B,1,S1 gen-giu,2025,1,B030,10,0,0,0,0
2026-07-16T12:27:18,S1B,1,S1 gen-giu,2025,1,B030,10,0,0,10,0
2026-07-16T12:27:30,S1,1,S1 gen-giu,2025,1,D040,149,10,0,0,0
2026-07-16T12:27:50,S1B,1,S1 gen-giu,2025,1,B030,11,0,0,0,1
2026-07-16T12:28:07,S1,1,S1 gen-giu,2025,1,D040,150,10,0,0,0
2026-07-16T12:28:25,S1B,1,S1 gen-giu,2025,1,B030,12,0,0,0,0
2026-07-16T12:28:25,S1B,1,S1 gen-giu,2025,1,B030,12,0,0,10,0
2026-07-16T12:28:44,S1,1,S1 gen-giu,2025,1,D040,151,10,0,0,0
2026-07-16T12:29:03,S1B,1,S1 gen-giu,2025,1,B030,13,0,0,0,0
2026-07-16T12:29:03,S1B,1,S1 gen-giu,2025,1,B030,13,0,0,10,0
2026-07-16T12:29:21,S1,1,S1 gen-giu,2025,1,D040,152,10,0,0,0
2026-07-16T12:29:38,S1B,1,S1 gen-giu,2025,1,B030,14,0,0,0,0
2026-07-16T12:29:39,S1B,1,S1 gen-giu,2025,1,B030,14,0,0,10,0
2026-07-16T12:29:58,S1,1,S1 gen-giu,2025,1,D040,153,10,0,0,0
2026-07-16T12:30:18,S1B,1,S1 gen-giu,2025,1,B030,15,0,0,0,0
2026-07-16T12:30:18,S1B,1,S1 gen-giu,2025,1,B030,15,0,0,10,0
2026-07-16T12:30:36,S1,1,S1 gen-giu,2025,1,D040,154,10,0,0,0
2026-07-16T12:30:57,S1B,1,S1 gen-giu,2025,1,B030,16,0,0,0,0
2026-07-16T12:30:57,S1B,1,S1 gen-giu,2025,1,B030,16,0,0,10,0
2026-07-16T12:31:13,S1,1,S1 gen-giu,2025,1,D040,155,10,0,0,0
2026-07-16T12:31:34,S1B,1,S1 gen-giu,2025,1,B030,17,0,0,0,0
2026-07-16T12:31:35,S1B,1,S1 gen-giu,2025,1,B030,17,0,0,10,0
2026-07-16T12:31:48,S1,1,S1 gen-giu,2025,1,D040,156,10,0,0,0
2026-07-16T12:32:23,S1,1,S1 gen-giu,2025,1,D040,157,10,0,0,0
2026-07-16T12:32:27,S1B,1,S1 gen-giu,2025,1,B030,1,0,0,10,0
2026-07-16T12:32:31,S1B,1,S1 gen-giu,2025,1,B030,2,0,0,10,0
2026-07-16T12:32:34,S1B,1,S1 gen-giu,2025,1,B030,3,0,0,10,0
2026-07-16T12:32:37,S1B,1,S1 gen-giu,2025,1,B030,4,0,0,10,0
2026-07-16T12:32:41,S1B,1,S1 gen-giu,2025,1,B030,5,0,0,10,0
2026-07-16T12:32:44,S1B,1,S1 gen-giu,2025,1,B030,6,0,0,10,0
2026-07-16T12:32:47,S1B,1,S1 gen-giu,2025,1,B030,7,0,0,10,0
2026-07-16T12:32:51,S1B,1,S1 gen-giu,2025,1,B030,8,0,0,10,0
2026-07-16T12:32:54,S1B,1,S1 gen-giu,2025,1,B030,9,0,0,10,0
2026-07-16T12:32:57,S1,1,S1 gen-giu,2025,1,D040,158,10,0,0,0
2026-07-16T12:32:58,S1B,1,S1 gen-giu,2025,1,B030,10,0,0,10,0
2026-07-16T12:33:01,S1B,1,S1 gen-giu,2025,1,B030,11,0,0,9,1
2026-07-16T12:33:06,S1B,1,S1 gen-giu,2025,1,B030,12,0,0,10,0
2026-07-16T12:33:09,S1B,1,S1 gen-giu,2025,1,B030,13,0,0,10,0
2026-07-16T12:33:13,S1B,1,S1 gen-giu,2025,1,B030,14,0,0,10,0
2026-07-16T12:33:17,S1B,1,S1 gen-giu,2025,1,B030,15,0,0,10,0
2026-07-16T12:33:20,S1B,1,S1 gen-giu,2025,1,B030,16,0,0,10,0
2026-07-16T12:33:24,S1B,1,S1 gen-giu,2025,1,B030,17,0,0,10,0
2026-07-16T12:33:34,S1,1,S1 gen-giu,2025,1,D040,159,10,0,0,0
2026-07-16T12:34:05,S1B,1,S1 gen-giu,2025,1,B030,18,0,0,0,0
2026-07-16T12:34:05,S1B,1,S1 gen-giu,2025,1,B030,18,0,0,10,0
2026-07-16T12:34:15,S1,1,S1 gen-giu,2025,1,D040,160,10,0,0,0
2026-07-16T12:34:42,S1B,1,S1 gen-giu,2025,1,B030,19,0,0,0,0
2026-07-16T12:34:42,S1B,1,S1 gen-giu,2025,1,B030,19,0,0,10,0
2026-07-16T12:34:53,S1,1,S1 gen-giu,2025,1,D040,161,10,0,0,0
2026-07-16T12:35:24,S1B,1,S1 gen-giu,2025,1,B030,20,0,0,0,0
2026-07-16T12:35:24,S1B,1,S1 gen-giu,2025,1,B030,20,0,0,10,0
2026-07-16T12:35:33,S1,1,S1 gen-giu,2025,1,D040,162,10,0,0,0
2026-07-16T12:36:01,S1B,1,S1 gen-giu,2025,1,B030,21,0,0,0,1
2026-07-16T12:36:16,S1,1,S1 gen-giu,2025,1,D040,163,10,0,0,0
2026-07-16T12:36:45,S1B,1,S1 gen-giu,2025,1,B030,22,0,0,0,0
2026-07-16T12:36:45,S1B,1,S1 gen-giu,2025,1,B030,22,0,0,10,0
2026-07-16T12:37:01,S1,1,S1 gen-giu,2025,1,D040,164,10,0,0,0
2026-07-16T12:37:29,S1B,1,S1 gen-giu,2025,1,B030,23,0,0,0,0
2026-07-16T12:37:29,S1B,1,S1 gen-giu,2025,1,B030,23,0,0,10,0
2026-07-16T12:37:44,S1,1,S1 gen-giu,2025,1,D040,165,10,0,0,0
2026-07-16T12:38:10,S1B,1,S1 gen-giu,2025,1,B030,24,0,0,0,0
2026-07-16T12:38:11,S1B,1,S1 gen-giu,2025,1,B030,24,0,0,10,0
2026-07-16T12:38:26,S1,1,S1 gen-giu,2025,1,D040,166,10,0,0,0
2026-07-16T12:38:53,S1B,1,S1 gen-giu,2025,1,B030,25,0,0,0,0
2026-07-16T12:38:53,S1B,1,S1 gen-giu,2025,1,B030,25,0,0,10,0
2026-07-16T12:39:14,S1,1,S1 gen-giu,2025,1,D040,167,10,0,0,0
2026-07-16T12:39:42,S1B,1,S1 gen-giu,2025,1,B030,26,0,0,0,0
2026-07-16T12:39:43,S1B,1,S1 gen-giu,2025,1,B030,26,0,0,10,0
2026-07-16T12:40:11,S1,1,S1 gen-giu,2025,1,D040,168,10,0,0,0
2026-07-16T12:40:41,S2,2,S2 lug-dic,2025,2,D040,74,10,0,0,0
2026-07-16T12:40:48,S1B,1,S1 gen-giu,2025,1,B030,27,0,0,0,0
2026-07-16T12:40:48,S1B,1,S1 gen-giu,2025,1,B030,27,0,0,10,0
2026-07-16T12:41:12,S1,1,S1 gen-giu,2025,1,D040,169,10,0,0,0
2026-07-16T12:41:34,S2,2,S2 lug-dic,2025,2,D040,75,10,0,0,0
2026-07-16T12:41:49,S1B,1,S1 gen-giu,2025,1,B030,28,0,0,0,1
2026-07-16T12:42:18,S1,1,S1 gen-giu,2025,1,D040,170,10,0,0,0
2026-07-16T12:42:31,S2,2,S2 lug-dic,2025,2,D040,76,10,0,0,0
2026-07-16T12:42:50,S1B,1,S1 gen-giu,2025,1,B030,29,0,0,0,0
2026-07-16T12:42:50,S1B,1,S1 gen-giu,2025,1,B030,29,0,0,10,0
2026-07-16T12:43:13,S1,1,S1 gen-giu,2025,1,D040,171,10,0,0,0
2026-07-16T12:43:22,S2,2,S2 lug-dic,2025,2,D040,77,10,0,0,0
2026-07-16T12:44:06,S1,1,S1 gen-giu,2025,1,D040,172,10,0,0,0
2026-07-16T12:44:07,S2,2,S2 lug-dic,2025,2,D040,78,10,0,0,0
2026-07-16T12:44:49,S2,2,S2 lug-dic,2025,2,D040,79,10,0,0,0
2026-07-16T12:44:51,S1,1,S1 gen-giu,2025,1,D040,173,10,0,0,0
2026-07-16T12:45:36,S2,2,S2 lug-dic,2025,2,D040,80,10,0,0,0
2026-07-16T12:45:43,S1,1,S1 gen-giu,2025,1,D040,174,10,0,0,0
2026-07-16T13:50:08,S1B,1,S1 gen-giu,2025,1,B030,30,10,0,0,0
2026-07-16T13:50:44,S1B,1,S1 gen-giu,2025,1,B030,31,10,0,0,0
2026-07-16T13:51:31,S1B,1,S1 gen-giu,2025,1,B030,32,10,0,0,0
2026-07-16T13:52:09,S1B,1,S1 gen-giu,2025,1,B030,33,10,0,0,0
2026-07-16T13:52:52,S1B,1,S1 gen-giu,2025,1,B030,34,10,0,0,0
2026-07-16T14:00:27,S1B,1,S1 gen-giu,2025,1,B030,1,0,0,10,0
2026-07-16T14:00:30,S1B,1,S1 gen-giu,2025,1,B030,2,0,0,10,0
2026-07-16T14:00:34,S1B,1,S1 gen-giu,2025,1,B030,3,0,0,10,0
2026-07-16T14:00:37,S1B,1,S1 gen-giu,2025,1,B030,4,0,0,10,0
2026-07-16T14:00:40,S1B,1,S1 gen-giu,2025,1,B030,5,0,0,10,0
2026-07-16T14:00:43,S1B,1,S1 gen-giu,2025,1,B030,6,0,0,10,0
2026-07-16T14:00:47,S1B,1,S1 gen-giu,2025,1,B030,7,0,0,10,0
2026-07-16T14:00:50,S1B,1,S1 gen-giu,2025,1,B030,8,0,0,10,0
2026-07-16T14:00:53,S1B,1,S1 gen-giu,2025,1,B030,9,0,0,10,0
2026-07-16T14:00:57,S1B,1,S1 gen-giu,2025,1,B030,10,0,0,10,0
2026-07-16T14:01:01,S1B,1,S1 gen-giu,2025,1,B030,11,0,0,9,1
2026-07-16T14:01:04,S1B,1,S1 gen-giu,2025,1,B030,12,0,0,10,0
2026-07-16T14:01:08,S1B,1,S1 gen-giu,2025,1,B030,13,0,0,10,0
2026-07-16T14:01:11,S1B,1,S1 gen-giu,2025,1,B030,14,0,0,10,0
2026-07-16T14:01:14,S1B,1,S1 gen-giu,2025,1,B030,15,0,0,10,0
2026-07-16T14:01:17,S1B,1,S1 gen-giu,2025,1,B030,16,0,0,10,0
2026-07-16T14:01:21,S1B,1,S1 gen-giu,2025,1,B030,17,0,0,10,0
2026-07-16T14:01:24,S1B,1,S1 gen-giu,2025,1,B030,18,0,0,10,0
2026-07-16T14:01:27,S1B,1,S1 gen-giu,2025,1,B030,19,0,0,10,0
2026-07-16T14:01:31,S1B,1,S1 gen-giu,2025,1,B030,20,0,0,10,0
2026-07-16T14:01:34,S1B,1,S1 gen-giu,2025,1,B030,21,0,0,9,1
2026-07-16T14:01:37,S1B,1,S1 gen-giu,2025,1,B030,22,0,0,10,0
2026-07-16T14:01:40,S1B,1,S1 gen-giu,2025,1,B030,23,0,0,10,0
2026-07-16T14:01:44,S1B,1,S1 gen-giu,2025,1,B030,24,0,0,10,0
2026-07-16T14:01:47,S1B,1,S1 gen-giu,2025,1,B030,25,0,0,10,0
2026-07-16T14:01:50,S1B,1,S1 gen-giu,2025,1,B030,26,0,0,10,0
2026-07-16T14:01:54,S1B,1,S1 gen-giu,2025,1,B030,27,0,0,10,0
2026-07-16T14:01:57,S1B,1,S1 gen-giu,2025,1,B030,28,0,0,9,1
2026-07-16T14:02:00,S1B,1,S1 gen-giu,2025,1,B030,29,0,0,10,0
2026-07-16T14:02:03,S1B,1,S1 gen-giu,2025,1,B030,30,0,0,10,0
2026-07-16T14:02:07,S1B,1,S1 gen-giu,2025,1,B030,31,0,0,10,0
2026-07-16T14:02:11,S1B,1,S1 gen-giu,2025,1,B030,32,0,0,10,0
2026-07-16T14:02:14,S1B,1,S1 gen-giu,2025,1,B030,33,0,0,10,0
2026-07-16T14:02:17,S1B,1,S1 gen-giu,2025,1,B030,34,0,0,10,0
2026-07-16T14:02:33,S1B,1,S1 gen-giu,2025,1,B030,35,5,0,5,0
2026-07-16T14:03:04,S1B,1,S1 gen-giu,2025,1,B030,36,10,0,0,0
2026-07-16T14:06:31,S1B,1,S1 gen-giu,2025,1,C010,1,10,0,0,0
2026-07-16T14:06:47,S1B,1,S1 gen-giu,2025,1,C010,2,5,0,2,3
2026-07-16T14:07:16,S1B,1,S1 gen-giu,2025,1,C010,3,9,0,1,0
2026-07-16T14:07:41,S1B,1,S1 gen-giu,2025,1,C010,4,9,0,1,0
2026-07-16T14:08:08,S1B,1,S1 gen-giu,2025,1,C010,5,9,0,0,1
2026-07-16T14:08:36,S1B,1,S1 gen-giu,2025,1,C010,6,9,0,1,0
2026-07-16T14:09:03,S1B,1,S1 gen-giu,2025,1,C010,7,9,0,1,0
2026-07-16T14:09:32,S1B,1,S1 gen-giu,2025,1,C010,8,9,0,0,1
2026-07-16T14:10:03,S1B,1,S1 gen-giu,2025,1,C010,9,10,0,0,0
2026-07-16T14:10:33,S1B,1,S1 gen-giu,2025,1,C010,10,10,0,0,0
2026-07-16T14:11:03,S1B,1,S1 gen-giu,2025,1,C010,11,10,0,0,0
2026-07-16T14:11:32,S1B,1,S1 gen-giu,2025,1,C010,12,10,0,0,0
2026-07-16T14:12:04,S1B,1,S1 gen-giu,2025,1,C010,13,10,0,0,0
2026-07-16T14:12:32,S1B,1,S1 gen-giu,2025,1,C010,14,9,0,1,0
2026-07-16T14:13:00,S1B,1,S1 gen-giu,2025,1,C010,15,9,0,1,0
2026-07-16T14:13:28,S1B,1,S1 gen-giu,2025,1,C010,16,9,0,1,0
2026-07-16T14:14:02,S1B,1,S1 gen-giu,2025,1,C010,17,10,0,0,0
2026-07-16T14:14:33,S1B,1,S1 gen-giu,2025,1,C010,18,10,0,0,0
2026-07-16T14:15:01,S1B,1,S1 gen-giu,2025,1,C010,19,9,0,1,0
2026-07-16T14:15:18,S1B,1,S1 gen-giu,2025,1,C010,20,5,0,5,0
2026-07-16T14:15:52,S1B,1,S1 gen-giu,2025,1,C010,21,10,0,0,0
2026-07-16T14:16:31,S1B,1,S1 gen-giu,2025,1,C010,22,10,0,0,0
2026-07-16T14:16:47,S1,1,S1 gen-giu,2025,1,D040,175,0,0,10,0
2026-07-16T14:21:24,S1B,1,S1 gen-giu,2025,1,C010,23,0,0,10,0
2026-07-16T14:21:51,S1B,1,S1 gen-giu,2025,1,C010,24,10,0,0,0
2026-07-16T14:22:09,S1,1,S1 gen-giu,2025,1,D040,176,0,0,10,0
2026-07-16T14:23:05,S1,1,S1 gen-giu,2025,1,D040,177,10,0,0,0
2026-07-16T14:24:02,S1,1,S1 gen-giu,2025,1,D040,178,10,0,0,0
2026-07-16T14:24:58,S1,1,S1 gen-giu,2025,1,D040,179,10,0,0,0
2026-07-16T14:25:59,S1,1,S1 gen-giu,2025,1,D040,180,10,0,0,0
2026-07-16T14:26:41,S1,1,S1 gen-giu,2025,1,D040,181,10,0,0,0
2026-07-16T14:53:20,S1B,1,S1 gen-giu,2025,1,A020,1,7,0,3,0
2026-07-16T14:53:40,S1B,1,S1 gen-giu,2025,1,A020,2,6,0,2,2
2026-07-16T14:54:02,S1B,1,S1 gen-giu,2025,1,A020,3,7,0,3,0
2026-07-16T14:54:26,S1B,1,S1 gen-giu,2025,1,A020,4,7,0,3,0
2026-07-16T14:54:45,S1B,1,S1 gen-giu,2025,1,A020,5,5,0,5,0
2026-07-16T14:55:00,S1B,1,S1 gen-giu,2025,1,A020,6,4,0,6,0
2026-07-16T14:56:42,S1,1,S1 gen-giu,2025,1,D040,175,0,0,10,0
2026-07-16T14:57:40,S1,1,S1 gen-giu,2025,1,D040,176,10,0,0,0
2026-07-16T14:57:45,S1,1,S1 gen-giu,2025,1,D040,177,0,0,10,0
2026-07-16T14:57:50,S1,1,S1 gen-giu,2025,1,D040,178,0,0,10,0
2026-07-16T14:57:55,S1,1,S1 gen-giu,2025,1,D040,179,0,0,10,0
2026-07-16T14:58:00,S1,1,S1 gen-giu,2025,1,D040,180,0,0,10,0
2026-07-16T14:58:05,S1,1,S1 gen-giu,2025,1,D040,181,0,0,10,0
2026-07-16T14:59:12,S1,1,S1 gen-giu,2025,1,D040,182,10,0,0,0
2026-07-16T15:00:12,S1,1,S1 gen-giu,2025,1,D040,183,10,0,0,0
2026-07-16T15:01:11,S1,1,S1 gen-giu,2025,1,D040,184,10,0,0,0
2026-07-16T16:57:12,S1B,1,S1 gen-giu,2025,1,A020,7,5,0,5,0
2026-07-16T16:57:50,S1B,1,S1 gen-giu,2025,1,A020,8,6,0,4,0
2026-07-16T16:58:43,S1B,1,S1 gen-giu,2025,1,A020,9,8,0,2,0
2026-07-16T16:59:30,S1B,1,S1 gen-giu,2025,1,A020,10,7,0,3,0
2026-07-16T17:00:08,S1B,1,S1 gen-giu,2025,1,A020,11,7,0,3,0
2026-07-16T17:00:48,S1B,1,S1 gen-giu,2025,1,A020,12,7,0,3,0
2026-07-16T17:01:36,S1B,1,S1 gen-giu,2025,1,A020,13,9,0,1,0
2026-07-16T17:02:10,S1B,1,S1 gen-giu,2025,1,A020,14,5,0,4,1
2026-07-16T17:02:23,S1B,1,S1 gen-giu,2025,1,A020,15,3,0,7,0
2026-07-16T17:02:40,S1B,1,S1 gen-giu,2025,1,A020,16,5,0,5,0
2026-07-16T17:02:58,S1B,1,S1 gen-giu,2025,1,A020,17,5,0,5,0
2026-07-16T17:03:18,S1B,1,S1 gen-giu,2025,1,A020,18,6,0,4,0
2026-07-16T17:03:50,S1B,1,S1 gen-giu,2025,1,A020,19,8,0,2,0
2026-07-16T17:04:37,S1B,1,S1 gen-giu,2025,1,A020,20,8,0,2,0
2026-07-16T17:04:53,S2,2,S2 lug-dic,2025,2,D040,1,0,0,10,0
2026-07-16T17:04:57,S2,2,S2 lug-dic,2025,2,D040,2,0,0,10,0
2026-07-16T17:05:28,S1B,1,S1 gen-giu,2025,1,A020,21,8,0,2,0
2026-07-16T17:06:23,S1B,1,S1 gen-giu,2025,1,A020,22,9,0,1,0
2026-07-16T17:20:06,S1B,1,S1 gen-giu,2025,1,A020,1,0,0,10,0
2026-07-16T17:20:10,S1B,1,S1 gen-giu,2025,1,A020,2,0,0,8,2
2026-07-16T17:20:13,S1B,1,S1 gen-giu,2025,1,A020,3,0,0,10,0
2026-07-16T17:20:16,S1B,1,S1 gen-giu,2025,1,A020,4,0,0,10,0
2026-07-16T17:20:20,S1B,1,S1 gen-giu,2025,1,A020,5,0,0,10,0
2026-07-16T17:20:23,S1B,1,S1 gen-giu,2025,1,A020,6,0,0,10,0
2026-07-16T17:20:27,S1B,1,S1 gen-giu,2025,1,A020,7,0,0,10,0
2026-07-16T17:20:30,S1B,1,S1 gen-giu,2025,1,A020,8,0,0,10,0
2026-07-16T17:20:33,S1B,1,S1 gen-giu,2025,1,A020,9,0,0,10,0
2026-07-16T17:20:37,S1B,1,S1 gen-giu,2025,1,A020,10,0,0,10,0
2026-07-16T17:20:40,S1B,1,S1 gen-giu,2025,1,A020,11,0,0,10,0
2026-07-16T17:20:43,S1B,1,S1 gen-giu,2025,1,A020,12,0,0,10,0
2026-07-16T17:20:47,S1B,1,S1 gen-giu,2025,1,A020,13,0,0,10,0
2026-07-16T17:20:50,S1B,1,S1 gen-giu,2025,1,A020,14,0,0,9,1
2026-07-16T17:20:54,S1B,1,S1 gen-giu,2025,1,A020,15,0,0,10,0
2026-07-16T17:20:57,S1B,1,S1 gen-giu,2025,1,A020,16,0,0,10,0
2026-07-16T17:21:01,S1B,1,S1 gen-giu,2025,1,A020,17,0,0,10,0
2026-07-16T17:21:04,S1B,1,S1 gen-giu,2025,1,A020,18,0,0,10,0
2026-07-16T17:21:07,S1B,1,S1 gen-giu,2025,1,A020,19,0,0,10,0
2026-07-16T17:21:11,S1B,1,S1 gen-giu,2025,1,A020,20,0,0,10,0
2026-07-16T17:21:14,S1B,1,S1 gen-giu,2025,1,A020,21,0,0,10,0
2026-07-16T17:21:18,S1B,1,S1 gen-giu,2025,1,A020,22,0,0,10,0
2026-07-16T17:21:26,S1B,1,S1 gen-giu,2025,1,A020,23,2,0,8,0
2026-07-16T17:22:01,S1B,1,S1 gen-giu,2025,1,A020,24,10,0,0,0
2026-07-16T17:22:33,S1B,1,S1 gen-giu,2025,1,A020,25,10,0,0,0
2026-07-16T17:23:07,S1B,1,S1 gen-giu,2025,1,A020,26,10,0,0,0
2026-07-16T17:23:37,S1B,1,S1 gen-giu,2025,1,A020,27,9,0,1,0
2026-07-16T17:24:13,S1B,1,S1 gen-giu,2025,1,A020,28,10,0,0,0
2026-07-16T17:24:52,S1B,1,S1 gen-giu,2025,1,A020,29,10,0,0,0
2026-07-16T17:25:22,S1B,1,S1 gen-giu,2025,1,A020,30,9,0,1,0
2026-07-16T17:25:55,S1B,1,S1 gen-giu,2025,1,A020,31,10,0,0,0
2026-07-16T17:26:29,S1B,1,S1 gen-giu,2025,1,A020,32,10,0,0,0
2026-07-16T17:27:03,S1B,1,S1 gen-giu,2025,1,A020,33,10,0,0,0
2026-07-16T17:27:34,S1B,1,S1 gen-giu,2025,1,A020,34,9,0,1,0
2026-07-16T17:28:08,S1B,1,S1 gen-giu,2025,1,A020,35,9,0,1,0
2026-07-16T17:28:24,S1,1,S1 gen-giu,2025,1,D040,175,0,0,10,0
2026-07-16T17:28:27,S1,1,S1 gen-giu,2025,1,D040,176,0,0,10,0
2026-07-16T17:28:31,S1,1,S1 gen-giu,2025,1,D040,177,0,0,10,0
2026-07-16T17:28:34,S1,1,S1 gen-giu,2025,1,D040,178,0,0,10,0
2026-07-16T17:28:38,S1,1,S1 gen-giu,2025,1,D040,179,0,0,10,0
2026-07-16T17:28:41,S1,1,S1 gen-giu,2025,1,D040,180,0,0,10,0
2026-07-16T17:28:44,S1,1,S1 gen-giu,2025,1,D040,181,0,0,10,0
2026-07-16T17:28:47,S1B,1,S1 gen-giu,2025,1,A020,36,10,0,0,0
2026-07-16T17:28:48,S1,1,S1 gen-giu,2025,1,D040,182,0,0,10,0
2026-07-16T17:28:51,S1,1,S1 gen-giu,2025,1,D040,183,0,0,10,0
2026-07-16T17:28:54,S1,1,S1 gen-giu,2025,1,D040,184,0,0,10,0
2026-07-16T17:29:08,S1,1,S1 gen-giu,2025,1,D040,185,3,0,7,0
2026-07-16T17:29:23,S1B,1,S1 gen-giu,2025,1,A020,37,9,0,0,1
2026-07-16T17:29:56,S1,1,S1 gen-giu,2025,1,D040,186,10,0,0,0
2026-07-16T17:30:16,S1B,1,S1 gen-giu,2025,1,A020,38,10,0,0,0
2026-07-16T17:30:33,S1,1,S1 gen-giu,2025,1,D040,187,10,0,0,0
2026-07-16T17:30:35,S1B,1,S1 gen-giu,2025,1,A020,1,0,0,10,0
2026-07-16T17:30:39,S1B,1,S1 gen-giu,2025,1,A020,2,0,0,8,2
2026-07-16T17:30:42,S1B,1,S1 gen-giu,2025,1,A020,3,0,0,10,0
2026-07-16T17:30:46,S1B,1,S1 gen-giu,2025,1,A020,4,0,0,10,0
2026-07-16T17:30:49,S1B,1,S1 gen-giu,2025,1,A020,5,0,0,10,0
2026-07-16T17:30:53,S1B,1,S1 gen-giu,2025,1,A020,6,0,0,10,0
2026-07-16T17:30:56,S1B,1,S1 gen-giu,2025,1,A020,7,0,0,10,0
2026-07-16T17:31:00,S1B,1,S1 gen-giu,2025,1,A020,8,0,0,10,0
2026-07-16T17:31:03,S1B,1,S1 gen-giu,2025,1,A020,9,0,0,10,0
2026-07-16T17:31:07,S1B,1,S1 gen-giu,2025,1,A020,10,0,0,10,0
2026-07-16T17:31:08,S1,1,S1 gen-giu,2025,1,D040,188,10,0,0,0
2026-07-16T17:31:10,S1B,1,S1 gen-giu,2025,1,A020,11,0,0,10,0
2026-07-16T17:31:14,S1B,1,S1 gen-giu,2025,1,A020,12,0,0,10,0
2026-07-16T17:31:17,S1B,1,S1 gen-giu,2025,1,A020,13,0,0,10,0
2026-07-16T17:31:21,S1B,1,S1 gen-giu,2025,1,A020,14,0,0,9,1
2026-07-16T17:31:24,S1B,1,S1 gen-giu,2025,1,A020,15,0,0,10,0
2026-07-16T17:31:28,S1B,1,S1 gen-giu,2025,1,A020,16,0,0,10,0
2026-07-16T17:31:32,S1B,1,S1 gen-giu,2025,1,A020,17,0,0,10,0
2026-07-16T17:31:35,S1B,1,S1 gen-giu,2025,1,A020,18,0,0,10,0
2026-07-16T17:31:38,S1B,1,S1 gen-giu,2025,1,A020,19,0,0,10,0
2026-07-16T17:31:40,S1,1,S1 gen-giu,2025,1,D040,189,10,0,0,0
2026-07-16T17:31:42,S1B,1,S1 gen-giu,2025,1,A020,20,0,0,10,0
2026-07-16T17:32:12,S1,1,S1 gen-giu,2025,1,D040,190,10,0,0,0
2026-07-16T17:32:46,S1,1,S1 gen-giu,2025,1,D040,191,10,0,0,0
2026-07-16T17:33:07,S1B,1,S1 gen-giu,2025,1,A020,1,0,0,10,0
2026-07-16T17:33:11,S1B,1,S1 gen-giu,2025,1,A020,2,0,0,8,2
2026-07-16T17:33:15,S1B,1,S1 gen-giu,2025,1,A020,3,0,0,10,0
2026-07-16T17:33:19,S1B,1,S1 gen-giu,2025,1,A020,4,0,0,10,0
2026-07-16T17:33:22,S1B,1,S1 gen-giu,2025,1,A020,5,0,0,10,0
2026-07-16T17:33:23,S1,1,S1 gen-giu,2025,1,D040,192,10,0,0,0
2026-07-16T17:33:25,S1B,1,S1 gen-giu,2025,1,A020,6,0,0,10,0
2026-07-16T17:33:29,S1B,1,S1 gen-giu,2025,1,A020,7,0,0,10,0
2026-07-16T17:33:32,S1B,1,S1 gen-giu,2025,1,A020,8,0,0,10,0
2026-07-16T17:33:36,S1B,1,S1 gen-giu,2025,1,A020,9,0,0,10,0
2026-07-16T17:33:39,S1B,1,S1 gen-giu,2025,1,A020,10,0,0,10,0
2026-07-16T17:33:43,S1B,1,S1 gen-giu,2025,1,A020,11,0,0,10,0
2026-07-16T17:33:46,S1B,1,S1 gen-giu,2025,1,A020,12,0,0,10,0
2026-07-16T17:33:49,S1B,1,S1 gen-giu,2025,1,A020,13,0,0,10,0
2026-07-16T17:33:53,S1B,1,S1 gen-giu,2025,1,A020,14,0,0,9,1
2026-07-16T17:33:56,S1B,1,S1 gen-giu,2025,1,A020,15,0,0,10,0
2026-07-16T17:33:58,S1,1,S1 gen-giu,2025,1,D040,193,10,0,0,0
2026-07-16T17:33:59,S1B,1,S1 gen-giu,2025,1,A020,16,0,0,10,0
2026-07-16T17:34:03,S1B,1,S1 gen-giu,2025,1,A020,17,0,0,10,0
2026-07-16T17:34:07,S1B,1,S1 gen-giu,2025,1,A020,18,0,0,10,0
2026-07-16T17:34:10,S1B,1,S1 gen-giu,2025,1,A020,19,0,0,10,0
2026-07-16T17:34:13,S1B,1,S1 gen-giu,2025,1,A020,20,0,0,10,0
2026-07-16T17:34:32,S1,1,S1 gen-giu,2025,1,D040,194,10,0,0,0
2026-07-16T17:35:09,S1,1,S1 gen-giu,2025,1,D040,195,10,0,0,0
2026-07-16T17:35:25,S1B,1,S1 gen-giu,2025,1,A020,1,0,0,10,0
2026-07-16T17:35:29,S1B,1,S1 gen-giu,2025,1,A020,2,0,0,8,2
2026-07-16T17:35:32,S1B,1,S1 gen-giu,2025,1,A020,3,0,0,10,0
2026-07-16T17:35:35,S1B,1,S1 gen-giu,2025,1,A020,4,0,0,10,0
2026-07-16T17:35:37,S1,1,S1 gen-giu,2025,1,D040,196,7,0,0,3
2026-07-16T17:35:39,S1B,1,S1 gen-giu,2025,1,A020,5,0,0,10,0
2026-07-16T17:35:43,S1B,1,S1 gen-giu,2025,1,A020,6,0,0,10,0
2026-07-16T17:35:46,S1B,1,S1 gen-giu,2025,1,A020,7,0,0,10,0
2026-07-16T17:35:50,S1B,1,S1 gen-giu,2025,1,A020,8,0,0,10,0
2026-07-16T17:35:54,S1B,1,S1 gen-giu,2025,1,A020,9,0,0,10,0
2026-07-16T17:35:58,S1B,1,S1 gen-giu,2025,1,A020,10,0,0,10,0
2026-07-16T17:36:01,S1B,1,S1 gen-giu,2025,1,A020,11,0,0,10,0
2026-07-16T17:36:04,S1B,1,S1 gen-giu,2025,1,A020,12,0,0,10,0
2026-07-16T17:36:08,S1B,1,S1 gen-giu,2025,1,A020,13,0,0,10,0
2026-07-16T17:36:13,S1B,1,S1 gen-giu,2025,1,A020,14,0,0,9,1
2026-07-16T17:36:16,S1B,1,S1 gen-giu,2025,1,A020,15,0,0,10,0
2026-07-16T17:36:20,S1,1,S1 gen-giu,2025,1,D040,197,10,0,0,0
2026-07-16T17:36:20,S1B,1,S1 gen-giu,2025,1,A020,16,0,0,10,0
2026-07-16T17:36:23,S1B,1,S1 gen-giu,2025,1,A020,17,0,0,10,0
2026-07-16T17:36:29,S1B,1,S1 gen-giu,2025,1,A020,18,0,0,10,0
2026-07-16T17:36:32,S1B,1,S1 gen-giu,2025,1,A020,19,0,0,10,0
2026-07-16T17:36:35,S1B,1,S1 gen-giu,2025,1,A020,20,0,0,10,0
2026-07-16T17:37:02,S1,1,S1 gen-giu,2025,1,D040,198,10,0,0,0
2026-07-16T17:37:36,S1,1,S1 gen-giu,2025,1,D040,199,10,0,0,0
2026-07-16T17:38:14,S1,1,S1 gen-giu,2025,1,D040,200,10,0,0,0
2026-07-16T17:38:54,S1B,1,S1 gen-giu,2025,1,A020,1,0,0,10,0
2026-07-16T17:38:58,S1B,1,S1 gen-giu,2025,1,A020,2,0,0,8,2
2026-07-16T17:39:01,S1,1,S1 gen-giu,2025,1,D040,1,0,0,10,0
2026-07-16T17:39:05,S1,1,S1 gen-giu,2025,1,D040,2,0,0,10,0
2026-07-17T09:03:27,S1,1,S1 gen-giu,2025,1,D040,3,0,0,10,0
2026-07-17T09:03:43,S1B,1,S1 gen-giu,2025,1,A020,1,0,0,10,0
2026-07-17T09:06:28,S1B,1,S1 gen-giu,2025,1,A020,2,0,0,8,2
2026-07-17T09:09:30,S1B,1,S1 gen-giu,2025,1,A020,3,0,0,10,0
2026-07-17T09:09:38,S1B,1,S1 gen-giu,2025,1,A020,4,0,0,10,0
2026-07-17T09:09:45,S1B,1,S1 gen-giu,2025,1,A020,1,0,0,10,0
2026-07-17T09:09:53,S1B,1,S1 gen-giu,2025,1,A020,2,0,0,8,2
2026-07-17T09:10:01,S1B,1,S1 gen-giu,2025,1,A020,3,0,0,10,0
2026-07-17T09:10:03,S1,1,S1 gen-giu,2025,1,D040,4,0,0,10,0
2026-07-17T09:10:09,S1B,1,S1 gen-giu,2025,1,A020,4,0,0,10,0
2026-07-17T09:10:11,S1,1,S1 gen-giu,2025,1,D040,5,0,0,10,0
2026-07-17T09:10:16,S1B,1,S1 gen-giu,2025,1,A020,5,0,0,10,0
2026-07-17T09:10:19,S1,1,S1 gen-giu,2025,1,D040,6,0,0,10,0
2026-07-17T09:10:24,S1B,1,S1 gen-giu,2025,1,A020,6,0,0,10,0
2026-07-17T09:10:26,S1,1,S1 gen-giu,2025,1,D040,7,0,0,10,0
2026-07-17T09:10:32,S1B,1,S1 gen-giu,2025,1,A020,7,0,0,10,0
2026-07-17T09:10:34,S1,1,S1 gen-giu,2025,1,D040,8,0,0,10,0
2026-07-17T09:23:36,S1B,1,S1 gen-giu,2025,1,A020,8,0,0,10,0
2026-07-17T09:23:44,S1B,1,S1 gen-giu,2025,1,A020,9,0,0,10,0
2026-07-17T09:23:51,S1B,1,S1 gen-giu,2025,1,A020,10,0,0,10,0
2026-07-17T09:23:59,S1B,1,S1 gen-giu,2025,1,A020,11,0,0,10,0
2026-07-17T09:24:07,S1B,1,S1 gen-giu,2025,1,A020,12,0,0,10,0
2026-07-17T09:29:03,S1,1,S1 gen-giu,2025,1,D040,1,0,0,10,0
2026-07-17T09:29:11,S1,1,S1 gen-giu,2025,1,D040,2,0,0,10,0
2026-07-17T09:29:19,S1,1,S1 gen-giu,2025,1,D040,3,0,0,10,0
2026-07-17T09:29:27,S1,1,S1 gen-giu,2025,1,D040,4,0,0,10,0
2026-07-17T09:29:35,S1,1,S1 gen-giu,2025,1,D040,5,0,0,10,0
2026-07-17T09:29:43,S1,1,S1 gen-giu,2025,1,D040,6,0,0,10,0
2026-07-17T09:29:50,S1,1,S1 gen-giu,2025,1,D040,7,0,0,10,0
2026-07-17T09:29:58,S1,1,S1 gen-giu,2025,1,D040,8,0,0,10,0
2026-07-17T09:30:06,S1,1,S1 gen-giu,2025,1,D040,9,0,0,10,0
2026-07-17T09:30:14,S1,1,S1 gen-giu,2025,1,D040,10,0,0,10,0
2026-07-17T09:30:21,S1,1,S1 gen-giu,2025,1,D040,11,0,0,10,0
2026-07-17T09:30:29,S1,1,S1 gen-giu,2025,1,D040,12,0,0,10,0
2026-07-17T09:30:37,S1,1,S1 gen-giu,2025,1,D040,13,0,0,10,0
2026-07-17T09:30:45,S1,1,S1 gen-giu,2025,1,D040,14,0,0,10,0
2026-07-17T09:30:52,S1B,1,S1 gen-giu,2025,1,A020,13,0,0,10,0
2026-07-17T09:30:53,S1,1,S1 gen-giu,2025,1,D040,15,0,0,10,0
2026-07-17T09:30:59,S1B,1,S1 gen-giu,2025,1,A020,14,0,0,9,1
2026-07-17T09:31:00,S1,1,S1 gen-giu,2025,1,D040,16,0,0,10,0
2026-07-17T09:31:07,S1B,1,S1 gen-giu,2025,1,A020,15,0,0,10,0
2026-07-17T09:31:08,S1,1,S1 gen-giu,2025,1,D040,17,0,0,10,0
2026-07-17T09:31:15,S1B,1,S1 gen-giu,2025,1,A020,16,0,0,10,0
2026-07-17T09:31:16,S1,1,S1 gen-giu,2025,1,D040,18,0,0,10,0
2026-07-17T09:31:23,S1B,1,S1 gen-giu,2025,1,A020,17,0,0,10,0
2026-07-17T09:31:24,S1,1,S1 gen-giu,2025,1,D040,19,0,0,10,0
2026-07-17T09:31:31,S1B,1,S1 gen-giu,2025,1,A020,18,0,0,10,0
2026-07-17T09:31:32,S1,1,S1 gen-giu,2025,1,D040,20,0,0,10,0
2026-07-17T09:31:38,S1B,1,S1 gen-giu,2025,1,A020,19,0,0,10,0
2026-07-17T09:31:39,S1,1,S1 gen-giu,2025,1,D040,21,0,0,10,0
2026-07-17T09:31:46,S1B,1,S1 gen-giu,2025,1,A020,20,0,0,10,0
2026-07-17T09:31:47,S1,1,S1 gen-giu,2025,1,D040,22,0,0,10,0
2026-07-17T09:31:54,S1B,1,S1 gen-giu,2025,1,A020,21,0,0,10,0
2026-07-17T09:31:55,S1,1,S1 gen-giu,2025,1,D040,23,0,0,10,0
2026-07-17T09:32:01,S1B,1,S1 gen-giu,2025,1,A020,22,0,0,10,0
2026-07-17T09:32:03,S1,1,S1 gen-giu,2025,1,D040,24,0,0,10,0
2026-07-17T09:32:09,S1B,1,S1 gen-giu,2025,1,A020,23,0,0,10,0
2026-07-17T09:32:11,S1,1,S1 gen-giu,2025,1,D040,25,0,0,10,0
2026-07-17T09:32:17,S1B,1,S1 gen-giu,2025,1,A020,24,0,0,10,0
2026-07-17T09:32:19,S1,1,S1 gen-giu,2025,1,D040,26,0,0,10,0
2026-07-17T09:32:25,S1B,1,S1 gen-giu,2025,1,A020,25,0,0,10,0
2026-07-17T09:32:26,S1,1,S1 gen-giu,2025,1,D040,27,0,0,10,0
2026-07-17T09:32:33,S1B,1,S1 gen-giu,2025,1,A020,26,0,0,10,0
2026-07-17T09:32:34,S1,1,S1 gen-giu,2025,1,D040,28,0,0,10,0
2026-07-17T09:32:40,S1B,1,S1 gen-giu,2025,1,A020,27,0,0,10,0
2026-07-17T09:32:42,S1,1,S1 gen-giu,2025,1,D040,29,0,0,10,0
2026-07-17T09:32:48,S1B,1,S1 gen-giu,2025,1,A020,28,0,0,10,0
2026-07-17T09:32:49,S1,1,S1 gen-giu,2025,1,D040,30,0,0,10,0
2026-07-17T09:32:56,S1B,1,S1 gen-giu,2025,1,A020,29,0,0,10,0
2026-07-17T09:32:57,S1,1,S1 gen-giu,2025,1,D040,31,0,0,10,0
2026-07-17T09:33:04,S1B,1,S1 gen-giu,2025,1,A020,30,0,0,10,0
2026-07-17T09:33:05,S1,1,S1 gen-giu,2025,1,D040,32,0,0,10,0
2026-07-17T09:33:11,S1B,1,S1 gen-giu,2025,1,A020,31,0,0,10,0
2026-07-17T09:33:13,S1,1,S1 gen-giu,2025,1,D040,33,0,0,10,0
2026-07-17T09:33:19,S1B,1,S1 gen-giu,2025,1,A020,32,0,0,10,0
2026-07-17T09:33:21,S1,1,S1 gen-giu,2025,1,D040,34,0,0,10,0
2026-07-17T09:33:27,S1B,1,S1 gen-giu,2025,1,A020,33,0,0,10,0
2026-07-17T09:33:28,S1,1,S1 gen-giu,2025,1,D040,35,0,0,10,0
2026-07-17T09:33:35,S1B,1,S1 gen-giu,2025,1,A020,34,0,0,10,0
2026-07-17T09:33:36,S1,1,S1 gen-giu,2025,1,D040,36,0,0,10,0
2026-07-17T09:33:42,S1B,1,S1 gen-giu,2025,1,A020,35,0,0,10,0
2026-07-17T09:33:44,S1,1,S1 gen-giu,2025,1,D040,37,0,0,10,0
2026-07-17T09:33:50,S1B,1,S1 gen-giu,2025,1,A020,36,0,0,10,0
2026-07-17T09:33:52,S1,1,S1 gen-giu,2025,1,D040,38,0,0,10,0
2026-07-17T09:33:58,S1B,1,S1 gen-giu,2025,1,A020,37,0,0,9,1
2026-07-17T09:34:00,S1,1,S1 gen-giu,2025,1,D040,39,0,0,10,0
2026-07-17T09:34:06,S1B,1,S1 gen-giu,2025,1,A020,38,0,0,10,0
2026-07-17T09:34:08,S1,1,S1 gen-giu,2025,1,D040,40,0,0,10,0
2026-07-17T09:34:15,S1,1,S1 gen-giu,2025,1,D040,41,0,0,10,0
2026-07-17T09:34:23,S1,1,S1 gen-giu,2025,1,D040,42,0,0,10,0
2026-07-17T09:34:31,S1,1,S1 gen-giu,2025,1,D040,43,0,0,10,0
2026-07-17T09:34:41,S1B,1,S1 gen-giu,2025,1,A020,39,10,0,0,0
2026-07-17T09:34:56,S1,1,S1 gen-giu,2025,1,D040,44,6,0,4,0
2026-07-17T09:35:04,S1,1,S1 gen-giu,2025,1,D040,45,0,0,10,0
2026-07-17T09:35:11,S1,1,S1 gen-giu,2025,1,D040,46,0,0,10,0
2026-07-17T09:35:19,S1,1,S1 gen-giu,2025,1,D040,47,0,0,10,0
2026-07-17T09:35:20,S1B,1,S1 gen-giu,2025,1,A020,40,10,0,0,0
2026-07-17T09:35:27,S1,1,S1 gen-giu,2025,1,D040,48,0,0,10,0
2026-07-17T09:35:35,S1,1,S1 gen-giu,2025,1,D040,49,0,0,10,0
2026-07-17T09:35:42,S1,1,S1 gen-giu,2025,1,D040,50,0,0,10,0
2026-07-17T09:35:50,S1,1,S1 gen-giu,2025,1,D040,51,0,0,10,0
2026-07-17T09:35:58,S1,1,S1 gen-giu,2025,1,D040,52,0,0,10,0
2026-07-17T09:35:59,S1B,1,S1 gen-giu,2025,1,A020,41,10,0,0,0
2026-07-17T09:36:06,S1,1,S1 gen-giu,2025,1,D040,53,0,0,10,0
2026-07-17T09:36:13,S1,1,S1 gen-giu,2025,1,D040,54,0,0,10,0
2026-07-17T09:36:21,S1,1,S1 gen-giu,2025,1,D040,55,0,0,10,0
2026-07-17T09:36:29,S1,1,S1 gen-giu,2025,1,D040,56,0,0,10,0
2026-07-17T09:36:35,S1B,1,S1 gen-giu,2025,1,A020,42,10,0,0,0
2026-07-17T09:36:37,S1,1,S1 gen-giu,2025,1,D040,57,0,0,10,0
2026-07-17T09:36:45,S1,1,S1 gen-giu,2025,1,D040,58,0,0,10,0
2026-07-17T09:36:52,S1,1,S1 gen-giu,2025,1,D040,59,0,0,10,0
2026-07-17T09:37:00,S1,1,S1 gen-giu,2025,1,D040,60,0,0,10,0
2026-07-17T09:37:08,S1,1,S1 gen-giu,2025,1,D040,61,0,0,10,0
2026-07-17T09:37:12,S1B,1,S1 gen-giu,2025,1,A020,43,10,0,0,0
2026-07-17T09:37:16,S1,1,S1 gen-giu,2025,1,D040,62,0,0,10,0
2026-07-17T09:37:24,S1,1,S1 gen-giu,2025,1,D040,63,0,0,10,0
2026-07-17T09:37:31,S1,1,S1 gen-giu,2025,1,D040,64,0,0,10,0
2026-07-17T09:37:49,S1B,1,S1 gen-giu,2025,1,A020,44,9,0,0,1
2026-07-17T09:41:08,S1B,1,S1 gen-giu,2025,1,A020,45,10,0,0,0
2026-07-17T09:59:03,S1,1,S1 gen-giu,2025,1,D040,65,0,0,10,0
2026-07-17T10:01:16,S1,1,S1 gen-giu,2025,1,D040,66,0,0,10,0
2026-07-17T10:01:24,S1,1,S1 gen-giu,2025,1,D040,67,0,0,10,0
2026-07-17T10:01:32,S1,1,S1 gen-giu,2025,1,D040,68,0,0,10,0
2026-07-17T10:01:40,S1,1,S1 gen-giu,2025,1,D040,69,0,0,10,0
2026-07-17T10:01:47,S1,1,S1 gen-giu,2025,1,D040,70,0,0,9,1
2026-07-17T10:01:55,S1,1,S1 gen-giu,2025,1,D040,71,0,0,9,1
2026-07-17T10:02:03,S1,1,S1 gen-giu,2025,1,D040,72,0,0,10,0
2026-07-17T10:02:11,S1,1,S1 gen-giu,2025,1,D040,73,0,0,10,0
2026-07-17T10:02:18,S1,1,S1 gen-giu,2025,1,D040,74,0,0,10,0
2026-07-17T10:02:26,S1,1,S1 gen-giu,2025,1,D040,75,0,0,10,0
2026-07-17T10:02:34,S1,1,S1 gen-giu,2025,1,D040,76,0,0,10,0
2026-07-17T10:02:41,S1,1,S1 gen-giu,2025,1,D040,77,0,0,10,0
2026-07-17T10:02:49,S1,1,S1 gen-giu,2025,1,D040,78,0,0,10,0
2026-07-17T10:02:57,S1,1,S1 gen-giu,2025,1,D040,79,0,0,10,0
2026-07-17T10:03:05,S1,1,S1 gen-giu,2025,1,D040,80,0,0,10,0
2026-07-17T10:03:12,S1,1,S1 gen-giu,2025,1,D040,81,0,0,10,0
2026-07-17T10:03:20,S1,1,S1 gen-giu,2025,1,D040,82,0,0,10,0
2026-07-17T10:03:28,S1,1,S1 gen-giu,2025,1,D040,83,0,0,10,0
2026-07-17T10:03:35,S1,1,S1 gen-giu,2025,1,D040,84,0,0,10,0
2026-07-17T10:08:38,S1,1,S1 gen-giu,2025,1,D040,85,0,0,10,0
2026-07-17T10:11:45,S1,1,S1 gen-giu,2025,1,D040,86,0,0,10,0
2026-07-17T10:11:53,S1,1,S1 gen-giu,2025,1,D040,87,0,0,10,0
2026-07-17T10:18:45,S1,1,S1 gen-giu,2025,1,D040,88,0,0,10,0
2026-07-17T10:21:52,S1,1,S1 gen-giu,2025,1,D040,89,0,0,10,0
2026-07-17T10:22:00,S1,1,S1 gen-giu,2025,1,D040,90,0,0,10,0
2026-07-17T10:22:08,S1,1,S1 gen-giu,2025,1,D040,91,0,0,10,0
2026-07-17T10:22:15,S1,1,S1 gen-giu,2025,1,D040,92,0,0,7,3
2026-07-17T11:11:18,S1,1,S1 gen-giu,2025,1,D040,65,0,0,10,0
2026-07-17T11:11:22,S1,1,S1 gen-giu,2025,1,D040,66,0,0,10,0
2026-07-17T11:11:25,S1,1,S1 gen-giu,2025,1,D040,67,0,0,10,0
2026-07-17T11:11:29,S1,1,S1 gen-giu,2025,1,D040,68,0,0,10,0
2026-07-17T11:11:33,S1,1,S1 gen-giu,2025,1,D040,69,0,0,10,0
2026-07-17T11:11:37,S1,1,S1 gen-giu,2025,1,D040,70,0,0,9,1
2026-07-17T11:11:41,S1,1,S1 gen-giu,2025,1,D040,71,0,0,9,1
2026-07-17T11:11:44,S1,1,S1 gen-giu,2025,1,D040,72,0,0,10,0
2026-07-17T11:11:48,S1,1,S1 gen-giu,2025,1,D040,73,0,0,10,0
2026-07-17T11:11:52,S1,1,S1 gen-giu,2025,1,D040,74,0,0,10,0
2026-07-17T11:11:56,S1,1,S1 gen-giu,2025,1,D040,75,0,0,10,0
2026-07-17T11:11:59,S1,1,S1 gen-giu,2025,1,D040,76,0,0,10,0
2026-07-17T11:12:03,S1,1,S1 gen-giu,2025,1,D040,77,0,0,10,0
2026-07-17T11:12:07,S1,1,S1 gen-giu,2025,1,D040,78,0,0,10,0
2026-07-17T11:12:11,S1,1,S1 gen-giu,2025,1,D040,79,0,0,10,0
2026-07-17T11:12:14,S1,1,S1 gen-giu,2025,1,D040,80,0,0,10,0
2026-07-17T11:12:18,S1,1,S1 gen-giu,2025,1,D040,81,0,0,10,0
2026-07-17T11:12:22,S1,1,S1 gen-giu,2025,1,D040,82,0,0,10,0
2026-07-17T11:12:26,S1,1,S1 gen-giu,2025,1,D040,83,0,0,10,0
2026-07-17T11:12:29,S1,1,S1 gen-giu,2025,1,D040,84,0,0,10,0
2026-07-17T11:12:33,S1,1,S1 gen-giu,2025,1,D040,85,0,0,10,0
2026-07-17T11:12:37,S1,1,S1 gen-giu,2025,1,D040,86,0,0,10,0
2026-07-17T11:12:41,S1,1,S1 gen-giu,2025,1,D040,87,0,0,10,0
2026-07-17T11:12:45,S1,1,S1 gen-giu,2025,1,D040,88,0,0,10,0
2026-07-17T11:12:48,S1,1,S1 gen-giu,2025,1,D040,89,0,0,10,0
2026-07-17T11:12:52,S1,1,S1 gen-giu,2025,1,D040,90,0,0,10,0
2026-07-17T11:12:56,S1,1,S1 gen-giu,2025,1,D040,91,0,0,10,0
2026-07-17T11:13:00,S1,1,S1 gen-giu,2025,1,D040,92,0,0,7,3
2026-07-17T11:13:04,S1,1,S1 gen-giu,2025,1,D040,93,0,0,10,0
2026-07-17T11:13:08,S1,1,S1 gen-giu,2025,1,D040,94,0,0,10,0
2026-07-17T11:13:12,S1,1,S1 gen-giu,2025,1,D040,95,0,0,10,0
2026-07-17T11:13:16,S1,1,S1 gen-giu,2025,1,D040,96,0,0,10,0
2026-07-17T11:13:19,S1,1,S1 gen-giu,2025,1,D040,97,0,0,10,0
2026-07-17T11:13:23,S1,1,S1 gen-giu,2025,1,D040,98,0,0,10,0
2026-07-17T11:13:27,S1,1,S1 gen-giu,2025,1,D040,99,0,0,10,0
2026-07-17T11:13:31,S1,1,S1 gen-giu,2025,1,D040,100,0,0,10,0
2026-07-17T11:13:35,S1,1,S1 gen-giu,2025,1,D040,101,0,0,10,0
2026-07-17T11:13:38,S1,1,S1 gen-giu,2025,1,D040,102,0,0,10,0
2026-07-17T11:13:43,S1,1,S1 gen-giu,2025,1,D040,103,0,0,10,0
2026-07-17T11:13:47,S1,1,S1 gen-giu,2025,1,D040,104,0,0,10,0
2026-07-17T11:13:51,S1,1,S1 gen-giu,2025,1,D040,105,0,0,10,0
2026-07-17T11:13:54,S1,1,S1 gen-giu,2025,1,D040,106,0,0,10,0
2026-07-17T11:13:58,S1,1,S1 gen-giu,2025,1,D040,107,0,0,10,0
2026-07-17T11:14:27,S1,1,S1 gen-giu,2025,1,D040,108,10,0,0,0
2026-07-17T11:14:30,S1,1,S1 gen-giu,2025,1,D040,109,0,0,10,0
2026-07-17T11:14:34,S1,1,S1 gen-giu,2025,1,D040,110,0,0,10,0
2026-07-17T11:14:38,S1,1,S1 gen-giu,2025,1,D040,111,0,0,10,0
2026-07-17T11:14:42,S1,1,S1 gen-giu,2025,1,D040,112,0,0,10,0
2026-07-17T11:14:45,S1,1,S1 gen-giu,2025,1,D040,113,0,0,10,0
2026-07-17T11:14:49,S1,1,S1 gen-giu,2025,1,D040,114,0,0,10,0
2026-07-17T11:14:54,S1,1,S1 gen-giu,2025,1,D040,115,0,0,10,0
2026-07-17T11:14:58,S1,1,S1 gen-giu,2025,1,D040,116,0,0,10,0
2026-07-17T11:15:01,S1,1,S1 gen-giu,2025,1,D040,117,0,0,10,0
2026-07-17T11:15:05,S1,1,S1 gen-giu,2025,1,D040,118,0,0,10,0
2026-07-17T11:15:09,S1,1,S1 gen-giu,2025,1,D040,119,0,0,9,1
2026-07-17T11:15:13,S1,1,S1 gen-giu,2025,1,D040,120,0,0,10,0
2026-07-17T11:15:16,S1,1,S1 gen-giu,2025,1,D040,121,0,0,10,0
2026-07-17T11:15:20,S1,1,S1 gen-giu,2025,1,D040,122,0,0,10,0
2026-07-17T11:15:24,S1,1,S1 gen-giu,2025,1,D040,123,0,0,10,0
2026-07-17T11:15:28,S1,1,S1 gen-giu,2025,1,D040,124,0,0,10,0
2026-07-17T11:15:31,S1,1,S1 gen-giu,2025,1,D040,125,0,0,10,0
2026-07-17T11:15:35,S1,1,S1 gen-giu,2025,1,D040,126,0,0,10,0
2026-07-17T11:15:39,S1,1,S1 gen-giu,2025,1,D040,127,0,0,10,0
2026-07-17T11:15:43,S1,1,S1 gen-giu,2025,1,D040,128,0,0,9,1
2026-07-17T11:15:46,S1,1,S1 gen-giu,2025,1,D040,129,0,0,10,0
2026-07-17T11:15:50,S1,1,S1 gen-giu,2025,1,D040,130,0,0,10,0
2026-07-17T11:15:54,S1,1,S1 gen-giu,2025,1,D040,131,0,0,10,0
2026-07-17T11:15:57,S1,1,S1 gen-giu,2025,1,D040,132,0,0,10,0
2026-07-17T11:16:01,S1,1,S1 gen-giu,2025,1,D040,133,0,0,10,0
2026-07-17T11:16:05,S1,1,S1 gen-giu,2025,1,D040,134,0,0,10,0
2026-07-17T11:16:09,S1,1,S1 gen-giu,2025,1,D040,135,0,0,10,0
2026-07-17T11:16:13,S1,1,S1 gen-giu,2025,1,D040,136,0,0,10,0
2026-07-17T11:16:16,S1,1,S1 gen-giu,2025,1,D040,137,0,0,9,1
2026-07-17T11:16:20,S1,1,S1 gen-giu,2025,1,D040,138,0,0,10,0
2026-07-17T11:16:24,S1,1,S1 gen-giu,2025,1,D040,139,0,0,10,0
2026-07-17T11:16:28,S1,1,S1 gen-giu,2025,1,D040,140,0,0,10,0
2026-07-17T11:16:32,S1,1,S1 gen-giu,2025,1,D040,141,0,0,10,0
2026-07-17T11:16:36,S1,1,S1 gen-giu,2025,1,D040,142,0,0,10,0
2026-07-17T11:16:40,S1,1,S1 gen-giu,2025,1,D040,143,0,0,10,0
2026-07-17T11:16:44,S1,1,S1 gen-giu,2025,1,D040,144,0,0,10,0
2026-07-17T11:16:47,S1,1,S1 gen-giu,2025,1,D040,145,0,0,10,0
2026-07-17T11:16:51,S1,1,S1 gen-giu,2025,1,D040,146,0,0,10,0
2026-07-17T11:16:55,S1,1,S1 gen-giu,2025,1,D040,147,0,0,10,0
2026-07-17T11:16:59,S1,1,S1 gen-giu,2025,1,D040,148,0,0,10,0
2026-07-17T11:17:02,S1,1,S1 gen-giu,2025,1,D040,149,0,0,10,0
2026-07-17T11:17:06,S1,1,S1 gen-giu,2025,1,D040,150,0,0,10,0
2026-07-17T11:17:10,S1,1,S1 gen-giu,2025,1,D040,151,0,0,10,0
2026-07-17T11:17:14,S1,1,S1 gen-giu,2025,1,D040,152,0,0,10,0
2026-07-17T11:17:17,S1,1,S1 gen-giu,2025,1,D040,153,0,0,10,0
2026-07-17T11:17:21,S1,1,S1 gen-giu,2025,1,D040,154,0,0,10,0
2026-07-17T11:17:25,S1,1,S1 gen-giu,2025,1,D040,155,0,0,10,0
2026-07-17T11:17:29,S1,1,S1 gen-giu,2025,1,D040,156,0,0,10,0
2026-07-17T11:17:32,S1,1,S1 gen-giu,2025,1,D040,157,0,0,10,0
2026-07-17T11:17:36,S1,1,S1 gen-giu,2025,1,D040,158,0,0,10,0
2026-07-17T11:17:40,S1,1,S1 gen-giu,2025,1,D040,159,0,0,10,0
2026-07-17T11:17:43,S1,1,S1 gen-giu,2025,1,D040,160,0,0,10,0
2026-07-17T11:17:47,S1,1,S1 gen-giu,2025,1,D040,161,0,0,10,0
2026-07-17T11:17:51,S1,1,S1 gen-giu,2025,1,D040,162,0,0,10,0
2026-07-17T11:17:55,S1,1,S1 gen-giu,2025,1,D040,163,0,0,10,0
2026-07-17T11:17:58,S1,1,S1 gen-giu,2025,1,D040,164,0,0,10,0
2026-07-17T11:18:02,S1,1,S1 gen-giu,2025,1,D040,165,0,0,10,0
2026-07-17T11:18:06,S1,1,S1 gen-giu,2025,1,D040,166,0,0,10,0
2026-07-17T11:18:09,S1,1,S1 gen-giu,2025,1,D040,167,0,0,10,0
2026-07-17T11:18:13,S1,1,S1 gen-giu,2025,1,D040,168,0,0,10,0
2026-07-17T11:18:17,S1,1,S1 gen-giu,2025,1,D040,169,0,0,10,0
2026-07-17T11:18:21,S1,1,S1 gen-giu,2025,1,D040,170,0,0,10,0
2026-07-17T11:18:24,S1,1,S1 gen-giu,2025,1,D040,171,0,0,10,0
2026-07-17T11:18:28,S1,1,S1 gen-giu,2025,1,D040,172,0,0,10,0
2026-07-17T11:54:15,S1,1,S1 gen-giu,2025,1,D040,172,0,0,10,0
2026-07-17T11:54:19,S1,1,S1 gen-giu,2025,1,D040,173,0,0,10,0
2026-07-17T11:54:23,S1,1,S1 gen-giu,2025,1,D040,174,0,0,10,0
2026-07-17T11:54:31,S1,1,S1 gen-giu,2025,1,D040,175,2,0,8,0
2026-07-17T11:54:35,S1,1,S1 gen-giu,2025,1,D040,176,0,0,10,0
2026-07-17T11:54:38,S1,1,S1 gen-giu,2025,1,D040,177,0,0,10,0
2026-07-17T11:54:42,S1,1,S1 gen-giu,2025,1,D040,178,0,0,10,0
2026-07-17T11:54:46,S1,1,S1 gen-giu,2025,1,D040,179,0,0,10,0
2026-07-17T11:54:49,S1,1,S1 gen-giu,2025,1,D040,180,0,0,10,0
2026-07-17T11:54:53,S1,1,S1 gen-giu,2025,1,D040,181,0,0,10,0
2026-07-17T11:55:57,S1,1,S1 gen-giu,2025,1,D040,182,0,0,10,0
2026-07-17T11:56:00,S1,1,S1 gen-giu,2025,1,D040,183,0,0,10,0
2026-07-17T11:56:04,S1,1,S1 gen-giu,2025,1,D040,184,0,0,10,0
2026-07-17T11:56:08,S1,1,S1 gen-giu,2025,1,D040,185,0,0,10,0
2026-07-17T11:56:11,S1,1,S1 gen-giu,2025,1,D040,186,0,0,10,0
2026-07-17T11:56:59,S1,1,S1 gen-giu,2025,1,D040,187,0,0,10,0
2026-07-17T11:57:42,S1,1,S1 gen-giu,2025,1,D040,188,0,0,10,0
2026-07-17T11:58:31,S1,1,S1 gen-giu,2025,1,D040,189,0,0,10,0
2026-07-17T11:59:13,S1,1,S1 gen-giu,2025,1,D040,190,0,0,10,0
2026-07-17T11:59:17,S1,1,S1 gen-giu,2025,1,D040,191,0,0,10,0
2026-07-17T11:59:21,S1,1,S1 gen-giu,2025,1,D040,192,0,0,10,0
2026-07-17T11:59:25,S1,1,S1 gen-giu,2025,1,D040,193,0,0,10,0
2026-07-17T11:59:28,S1,1,S1 gen-giu,2025,1,D040,194,0,0,10,0
2026-07-17T11:59:32,S1,1,S1 gen-giu,2025,1,D040,195,0,0,10,0
2026-07-17T11:59:36,S1,1,S1 gen-giu,2025,1,D040,196,0,0,7,3
2026-07-17T11:59:40,S1,1,S1 gen-giu,2025,1,D040,197,0,0,10,0
2026-07-17T11:59:43,S1,1,S1 gen-giu,2025,1,D040,198,0,0,10,0
2026-07-17T11:59:47,S1,1,S1 gen-giu,2025,1,D040,199,0,0,10,0
2026-07-17T11:59:51,S1,1,S1 gen-giu,2025,1,D040,200,0,0,10,0
2026-07-17T12:00:27,S1,1,S1 gen-giu,2025,1,D040,201,10,0,0,0
2026-07-17T12:01:06,S1,1,S1 gen-giu,2025,1,D040,202,0,0,10,0
2026-07-17T12:01:57,S1,1,S1 gen-giu,2025,1,D040,203,0,0,10,0
2026-07-17T12:02:50,S1,1,S1 gen-giu,2025,1,D040,204,0,0,10,0
2026-07-17T12:03:25,S1,1,S1 gen-giu,2025,1,D040,205,0,0,10,0
2026-07-17T12:04:25,S1,1,S1 gen-giu,2025,1,D040,206,0,0,10,0
2026-07-17T12:04:58,S1,1,S1 gen-giu,2025,1,D040,207,0,0,10,0
2026-07-17T12:08:20,S1,1,S1 gen-giu,2025,1,D040,208,0,0,10,0
2026-07-17T12:09:35,S1,1,S1 gen-giu,2025,1,D040,209,0,0,10,0
2026-07-17T12:10:10,S1,1,S1 gen-giu,2025,1,D040,210,10,0,0,0
2026-07-17T12:11:13,S1,1,S1 gen-giu,2025,1,D040,211,0,0,10,0
2026-07-17T12:11:48,S1,1,S1 gen-giu,2025,1,D040,212,10,0,0,0
2026-07-17T12:12:39,S1,1,S1 gen-giu,2025,1,D040,213,0,0,10,0
2026-07-17T12:13:13,S1,1,S1 gen-giu,2025,1,D040,214,10,0,0,0
2026-07-17T12:14:06,S1,1,S1 gen-giu,2025,1,D040,215,0,0,10,0
2026-07-17T12:14:40,S1,1,S1 gen-giu,2025,1,D040,216,10,0,0,0
2026-07-17T12:16:00,S1,1,S1 gen-giu,2025,1,D040,217,0,0,10,0
2026-07-17T12:17:30,S1,1,S1 gen-giu,2025,1,D040,218,0,0,10,0
2026-07-17T12:18:05,S1,1,S1 gen-giu,2025,1,D040,219,10,0,0,0
2026-07-17T12:23:21,S1,1,S1 gen-giu,2025,1,D040,220,0,0,10,0
2026-07-17T12:23:54,S1,1,S1 gen-giu,2025,1,D040,221,10,0,0,0
2026-07-17T12:24:51,S1,1,S1 gen-giu,2025,1,D040,222,0,0,10,0
2026-07-17T12:25:25,S1,1,S1 gen-giu,2025,1,D040,223,10,0,0,0
2026-07-17T12:27:14,S1,1,S1 gen-giu,2025,1,D040,224,0,0,10,0
2026-07-17T15:13:20,S1,1,S1 gen-giu,2025,1,D040,225,0,0,10,0
2026-07-17T15:13:56,S1,1,S1 gen-giu,2025,1,D040,226,10,0,0,0
2026-07-17T15:26:26,S1,1,S1 gen-giu,2025,1,D040,172,0,0,10,0
2026-07-17T15:26:53,S1,1,S1 gen-giu,2025,1,D040,173,0,0,10,0
2026-07-17T15:27:20,S1,1,S1 gen-giu,2025,1,D040,174,0,0,10,0
2026-07-17T15:27:49,S1,1,S1 gen-giu,2025,1,D040,175,0,0,10,0
2026-07-17T15:28:15,S1,1,S1 gen-giu,2025,1,D040,176,0,0,10,0
2026-07-17T15:28:41,S1,1,S1 gen-giu,2025,1,D040,177,0,0,10,0
2026-07-17T15:29:07,S1,1,S1 gen-giu,2025,1,D040,178,0,0,10,0
2026-07-17T15:29:34,S1,1,S1 gen-giu,2025,1,D040,179,0,0,10,0
2026-07-17T15:30:02,S1,1,S1 gen-giu,2025,1,D040,180,0,0,10,0
2026-07-17T15:30:29,S1,1,S1 gen-giu,2025,1,D040,181,0,0,10,0
2026-07-17T15:30:56,S1,1,S1 gen-giu,2025,1,D040,182,0,0,10,0
2026-07-17T15:33:02,S1,1,S1 gen-giu,2025,1,D040,222,0,0,10,0
2026-07-17T15:33:30,S1,1,S1 gen-giu,2025,1,D040,223,0,0,10,0
2026-07-17T15:34:46,S1,1,S1 gen-giu,2025,1,D040,224,10,0,0,0
2026-07-17T15:35:48,S1,1,S1 gen-giu,2025,1,D040,225,10,0,0,0
2026-07-17T15:36:06,S1,1,S1 gen-giu,2025,1,D040,226,0,0,10,0
2026-07-17T15:37:12,S1,1,S1 gen-giu,2025,1,D040,227,10,0,0,0
2026-07-17T15:38:11,S1,1,S1 gen-giu,2025,1,D040,228,10,0,0,0
2026-07-17T15:39:22,S1,1,S1 gen-giu,2025,1,D040,229,10,0,0,0
2026-07-17T15:43:20,S1,1,S1 gen-giu,2025,1,D040,228,0,0,10,0
2026-07-17T15:43:48,S1,1,S1 gen-giu,2025,1,D040,229,0,0,10,0
2026-07-17T15:44:03,S1B,1,S1 gen-giu,2025,1,A020,35,0,0,10,0
2026-07-17T15:44:32,S1B,1,S1 gen-giu,2025,1,A020,36,0,0,10,0
2026-07-17T15:44:44,S1,1,S1 gen-giu,2025,1,D040,230,0,0,0,0
2026-07-17T15:44:44,S1,1,S1 gen-giu,2025,1,D040,230,0,0,10,0
2026-07-17T15:44:58,S1B,1,S1 gen-giu,2025,1,A020,37,0,0,9,1
2026-07-17T15:45:26,S1B,1,S1 gen-giu,2025,1,A020,38,0,0,10,0
2026-07-17T15:45:46,S1,1,S1 gen-giu,2025,1,D040,231,0,0,1,0
2026-07-17T15:45:52,S1B,1,S1 gen-giu,2025,1,A020,39,0,0,10,0
2026-07-17T15:46:17,S1B,1,S1 gen-giu,2025,1,A020,40,0,0,10,0
2026-07-17T15:46:43,S1B,1,S1 gen-giu,2025,1,A020,41,0,0,10,0
2026-07-17T15:46:44,S1,1,S1 gen-giu,2025,1,D040,232,0,0,2,0
2026-07-17T15:47:09,S1B,1,S1 gen-giu,2025,1,A020,42,0,0,10,0
2026-07-17T15:47:34,S1B,1,S1 gen-giu,2025,1,A020,43,0,0,10,0
2026-07-17T15:47:47,S1,1,S1 gen-giu,2025,1,D040,233,0,0,0,0
2026-07-17T15:47:47,S1,1,S1 gen-giu,2025,1,D040,233,0,0,10,0
2026-07-17T15:48:00,S1B,1,S1 gen-giu,2025,1,A020,44,0,0,9,1
2026-07-17T15:48:25,S1B,1,S1 gen-giu,2025,1,A020,45,0,0,10,0
2026-07-17T15:48:54,S1,1,S1 gen-giu,2025,1,D040,234,0,0,0,0
2026-07-17T15:48:54,S1,1,S1 gen-giu,2025,1,D040,234,0,0,10,0
2026-07-17T15:49:28,S1B,1,S1 gen-giu,2025,1,A020,46,10,0,0,0
2026-07-17T15:49:56,S1,1,S1 gen-giu,2025,1,D040,235,0,0,0,0
2026-07-17T15:49:57,S1,1,S1 gen-giu,2025,1,D040,235,0,0,10,0
2026-07-17T15:50:58,S1,1,S1 gen-giu,2025,1,D040,236,0,0,0,0
2026-07-17T15:50:58,S1,1,S1 gen-giu,2025,1,D040,236,0,0,10,0
2026-07-17T15:52:15,S1,1,S1 gen-giu,2025,1,D040,237,0,0,0,0
2026-07-17T15:52:15,S1,1,S1 gen-giu,2025,1,D040,237,0,0,10,0
2026-07-17T15:53:14,S1,1,S1 gen-giu,2025,1,D040,238,0,0,0,1
2026-07-17T15:54:23,S1,1,S1 gen-giu,2025,1,D040,239,0,0,0,0
2026-07-17T15:54:23,S1,1,S1 gen-giu,2025,1,D040,239,0,0,10,0
2026-07-17T15:55:31,S1,1,S1 gen-giu,2025,1,D040,240,0,0,0,0
2026-07-17T15:55:31,S1,1,S1 gen-giu,2025,1,D040,240,0,0,10,0
2026-07-17T15:56:40,S1,1,S1 gen-giu,2025,1,D040,241,0,0,0,0
2026-07-17T15:56:40,S1,1,S1 gen-giu,2025,1,D040,241,0,0,10,0
2026-07-17T15:57:47,S1,1,S1 gen-giu,2025,1,D040,242,0,0,0,0
2026-07-17T15:57:48,S1,1,S1 gen-giu,2025,1,D040,242,0,0,10,0
2026-07-17T15:58:57,S1,1,S1 gen-giu,2025,1,D040,243,0,0,0,0
2026-07-17T15:58:58,S1,1,S1 gen-giu,2025,1,D040,243,0,0,10,0
2026-07-17T15:59:50,S1B,1,S1 gen-giu,2025,1,A020,47,0,0,10,0
2026-07-17T16:00:57,S1B,1,S1 gen-giu,2025,1,A020,48,10,0,0,0
2026-07-17T16:02:02,S1B,1,S1 gen-giu,2025,1,A020,49,10,0,0,0
2026-07-17T16:06:04,S1B,1,S1 gen-giu,2025,1,A020,47,0,0,10,0
2026-07-17T16:06:33,S1B,1,S1 gen-giu,2025,1,A020,48,0,0,10,0
2026-07-17T16:07:05,S1B,1,S1 gen-giu,2025,1,A020,49,0,0,10,0
2026-07-17T16:08:40,S1B,1,S1 gen-giu,2025,1,A020,50,10,0,0,0
2026-07-17T16:09:14,S1,1,S1 gen-giu,2025,1,D040,242,0,0,10,0
2026-07-17T16:09:42,S1,1,S1 gen-giu,2025,1,D040,243,0,0,10,0
2026-07-17T16:11:18,S1,1,S1 gen-giu,2025,1,D040,244,10,0,0,0
2026-07-17T16:12:25,S1B,1,S1 gen-giu,2025,1,A020,49,0,0,10,0
2026-07-17T16:12:31,S1,1,S1 gen-giu,2025,1,D040,245,9,0,1,0
2026-07-17T16:12:56,S1B,1,S1 gen-giu,2025,1,A020,50,0,0,10,0
2026-07-17T16:14:00,S1,1,S1 gen-giu,2025,1,D040,246,9,0,1,0
2026-07-17T16:14:42,S1B,1,S1 gen-giu,2025,1,A020,51,10,0,0,0
2026-07-17T16:15:22,S1,1,S1 gen-giu,2025,1,D040,247,6,0,0,0
2026-07-17T16:18:26,S1,1,S1 gen-giu,2025,1,D040,246,0,0,10,0
2026-07-17T16:18:52,S1,1,S1 gen-giu,2025,1,D040,247,0,0,10,0
2026-07-17T16:18:54,S1B,1,S1 gen-giu,2025,1,A020,1,0,0,10,0
2026-07-17T16:19:24,S1B,1,S1 gen-giu,2025,1,A020,50,0,0,10,0
2026-07-17T16:19:56,S1B,1,S1 gen-giu,2025,1,A020,51,0,0,10,0
2026-07-17T16:19:56,S1,1,S1 gen-giu,2025,1,D040,248,6,0,4,0
2026-07-17T16:21:10,S1,1,S1 gen-giu,2025,1,D040,249,10,0,0,0
2026-07-17T16:21:22,S1B,1,S1 gen-giu,2025,1,A020,52,10,0,0,0
2026-07-17T16:22:27,S1,1,S1 gen-giu,2025,1,D040,250,10,0,0,0
2026-07-17T16:23:45,S1,1,S1 gen-giu,2025,1,D040,251,10,0,0,0
2026-07-17T16:25:00,S1,1,S1 gen-giu,2025,1,D040,252,9,0,1,0
2026-07-17T16:25:11,S1B,1,S1 gen-giu,2025,1,A020,49,0,0,10,0
2026-07-17T16:25:42,S1B,1,S1 gen-giu,2025,1,A020,50,0,0,10,0
2026-07-17T16:26:15,S1B,1,S1 gen-giu,2025,1,A020,51,0,0,10,0
2026-07-17T16:26:36,S1,1,S1 gen-giu,2025,1,D040,253,10,0,0,0
2026-07-17T16:26:46,S1B,1,S1 gen-giu,2025,1,A020,52,0,0,10,0
2026-07-17T16:27:48,S1,1,S1 gen-giu,2025,1,D040,254,10,0,0,0
2026-07-17T16:28:14,S1B,1,S1 gen-giu,2025,1,A020,53,10,0,0,0
2026-07-17T16:28:58,S1,1,S1 gen-giu,2025,1,D040,255,10,0,0,0
2026-07-17T16:30:04,S1,1,S1 gen-giu,2025,1,D040,256,10,0,0,0
2026-07-17T16:31:11,S1,1,S1 gen-giu,2025,1,D040,257,10,0,0,0
2026-07-17T16:32:18,S1,1,S1 gen-giu,2025,1,D040,258,10,0,0,0
2026-07-17T16:33:31,S1,1,S1 gen-giu,2025,1,D040,259,10,0,0,0
2026-07-17T16:34:40,S1,1,S1 gen-giu,2025,1,D040,260,10,0,0,0
2026-07-17T16:36:01,S1,1,S1 gen-giu,2025,1,D040,261,10,0,0,0
2026-07-17T16:36:18,S1B,1,S1 gen-giu,2025,1,A020,49,0,0,10,0
2026-07-17T16:36:47,S1B,1,S1 gen-giu,2025,1,A020,50,0,0,10,0
2026-07-17T16:37:09,S1,1,S1 gen-giu,2025,1,D040,262,9,0,1,0
2026-07-17T16:37:19,S1B,1,S1 gen-giu,2025,1,A020,51,0,0,10,0
2026-07-17T16:37:48,S1B,1,S1 gen-giu,2025,1,A020,52,0,0,10,0
2026-07-17T16:38:18,S1B,1,S1 gen-giu,2025,1,A020,53,0,0,10,0
2026-07-17T16:38:19,S1,1,S1 gen-giu,2025,1,D040,263,10,0,0,0
2026-07-17T16:39:32,S1B,1,S1 gen-giu,2025,1,A020,54,10,0,0,0
2026-07-17T16:39:56,S1,1,S1 gen-giu,2025,1,D040,264,10,0,0,0
2026-07-17T16:41:10,S1,1,S1 gen-giu,2025,1,D040,265,10,0,0,0
2026-07-17T16:42:08,S1,1,S1 gen-giu,2025,1,D040,266,10,0,0,0
2026-07-17T16:42:55,S1B,1,S1 gen-giu,2025,1,A020,54,0,0,10,0
2026-07-17T16:43:07,S1,1,S1 gen-giu,2025,1,D040,267,10,0,0,0
2026-07-17T16:44:09,S1,1,S1 gen-giu,2025,1,D040,268,10,0,0,0
2026-07-17T16:44:27,S1B,1,S1 gen-giu,2025,1,A020,55,10,0,0,0
2026-07-17T16:45:03,S1,1,S1 gen-giu,2025,1,D040,269,10,0,0,0
2026-07-17T16:45:48,S1B,1,S1 gen-giu,2025,1,A020,56,10,0,0,0
2026-07-17T16:47:06,S1B,1,S1 gen-giu,2025,1,A020,57,9,0,0,1
2026-07-17T16:48:12,S1B,1,S1 gen-giu,2025,1,A020,58,9,0,0,1
2026-07-17T16:49:12,S1,1,S1 gen-giu,2025,1,D040,270,0,0,10,0
2026-07-17T16:49:27,S1B,1,S1 gen-giu,2025,1,A020,59,10,0,0,0
2026-07-17T16:50:18,S1,1,S1 gen-giu,2025,1,D040,271,10,0,0,0
2026-07-17T16:50:49,S1B,1,S1 gen-giu,2025,1,A020,60,10,0,0,0
2026-07-17T16:51:22,S1,1,S1 gen-giu,2025,1,D040,272,10,0,0,0
2026-07-17T16:52:12,S1B,1,S1 gen-giu,2025,1,A020,61,10,0,0,0
2026-07-17T16:52:20,S1,1,S1 gen-giu,2025,1,D040,273,10,0,0,0
2026-07-17T16:53:17,S1,1,S1 gen-giu,2025,1,D040,274,10,0,0,0
2026-07-17T16:53:37,S1B,1,S1 gen-giu,2025,1,A020,62,10,0,0,0
2026-07-17T16:54:20,S1,1,S1 gen-giu,2025,1,D040,275,10,0,0,0
2026-07-17T16:55:20,S1,1,S1 gen-giu,2025,1,D040,276,10,0,0,0
2026-07-17T16:56:23,S1,1,S1 gen-giu,2025,1,D040,277,10,0,0,0
2026-07-17T16:57:45,S1,1,S1 gen-giu,2025,1,D040,278,10,0,0,0
2026-07-17T17:00:02,S1,1,S1 gen-giu,2025,1,D040,279,2,0,8,0
2026-07-17T17:00:47,S1B,1,S1 gen-giu,2025,1,A020,62,0,0,10,0
2026-07-17T17:01:51,S1,1,S1 gen-giu,2025,1,D040,1,10,0,0,0
2026-07-17T17:02:12,S1,1,S1 gen-giu,2025,1,D040,2,0,0,10,0
2026-07-17T17:02:15,S1B,1,S1 gen-giu,2025,1,A020,63,10,0,0,0
2026-07-17T17:02:40,S1,1,S1 gen-giu,2025,1,D040,3,0,0,10,0
2026-07-17T17:03:08,S1,1,S1 gen-giu,2025,1,D040,4,0,0,10,0
2026-07-17T17:03:32,S1B,1,S1 gen-giu,2025,1,A020,64,10,0,0,0
2026-07-17T17:03:36,S1,1,S1 gen-giu,2025,1,D040,5,0,0,10,0
2026-07-17T17:04:05,S1,1,S1 gen-giu,2025,1,D040,6,0,0,10,0
2026-07-17T17:04:33,S1,1,S1 gen-giu,2025,1,D040,7,0,0,10,0
2026-07-17T17:04:44,S1B,1,S1 gen-giu,2025,1,A020,65,10,0,0,0
2026-07-17T17:05:00,S1,1,S1 gen-giu,2025,1,D040,8,0,0,10,0
2026-07-17T17:05:29,S1,1,S1 gen-giu,2025,1,D040,9,0,0,10,0
2026-07-17T17:05:57,S1B,1,S1 gen-giu,2025,1,A020,66,10,0,0,0
2026-07-17T17:05:58,S1,1,S1 gen-giu,2025,1,D040,10,0,0,10,0
2026-07-17T17:07:15,S1B,1,S1 gen-giu,2025,1,A020,67,10,0,0,0
2026-07-17T17:08:33,S1B,1,S1 gen-giu,2025,1,A020,68,10,0,0,0
2026-07-17T17:09:49,S1B,1,S1 gen-giu,2025,1,A020,69,10,0,0,0
2026-07-17T17:09:55,S1,1,S1 gen-giu,2025,1,D040,276,0,0,10,0
2026-07-17T17:10:22,S1,1,S1 gen-giu,2025,1,D040,277,0,0,10,0
2026-07-17T17:10:50,S1,1,S1 gen-giu,2025,1,D040,278,0,0,10,0
2026-07-17T17:11:17,S1B,1,S1 gen-giu,2025,1,A020,70,10,0,0,0
2026-07-17T17:11:18,S1,1,S1 gen-giu,2025,1,D040,279,0,0,10,0
2026-07-17T17:11:46,S1,1,S1 gen-giu,2025,1,D040,280,0,0,10,0
2026-07-17T17:12:18,S1B,1,S1 gen-giu,2025,1,A020,71,7,0,0,3
2026-07-17T17:12:49,S1,1,S1 gen-giu,2025,1,D040,281,10,0,0,0
2026-07-17T17:13:36,S1,1,S1 gen-giu,2025,1,D040,282,9,0,1,0
2026-07-17T17:14:28,S1,1,S1 gen-giu,2025,1,D040,283,9,0,0,1
2026-07-17T17:15:19,S1,1,S1 gen-giu,2025,1,D040,284,10,0,0,0
2026-07-17T17:15:42,S1B,1,S1 gen-giu,2025,1,A020,71,0,0,7,3
2026-07-17T17:16:11,S1,1,S1 gen-giu,2025,1,D040,285,10,0,0,0
2026-07-17T17:16:56,S1B,1,S1 gen-giu,2025,1,A020,72,8,0,0,2
2026-07-17T17:17:00,S1,1,S1 gen-giu,2025,1,D040,286,10,0,0,0
2026-07-17T17:17:54,S1,1,S1 gen-giu,2025,1,D040,287,10,0,0,0
2026-07-17T17:18:08,S1B,1,S1 gen-giu,2025,1,A020,73,10,0,0,0
2026-07-17T17:18:46,S1,1,S1 gen-giu,2025,1,D040,288,10,0,0,0
2026-07-17T17:19:15,S1B,1,S1 gen-giu,2025,1,A020,74,10,0,0,0
2026-07-17T17:19:42,S1,1,S1 gen-giu,2025,1,D040,289,10,0,0,0
2026-07-17T17:20:28,S1B,1,S1 gen-giu,2025,1,A020,75,10,0,0,0
2026-07-17T17:20:28,S1,1,S1 gen-giu,2025,1,D040,290,9,0,1,0
2026-07-17T17:21:37,S1B,1,S1 gen-giu,2025,1,A020,76,10,0,0,0
2026-07-17T17:22:44,S1B,1,S1 gen-giu,2025,1,A020,77,10,0,0,0
2026-07-17T17:24:03,S1B,1,S1 gen-giu,2025,1,A020,78,10,0,0,0
2026-07-17T17:24:32,S1,1,S1 gen-giu,2025,1,D040,291,0,0,10,0
2026-07-17T17:25:23,S1B,1,S1 gen-giu,2025,1,A020,79,10,0,0,0
2026-07-17T17:25:36,S1,1,S1 gen-giu,2025,1,D040,292,10,0,0,0
2026-07-17T17:26:54,S1,1,S1 gen-giu,2025,1,D040,293,10,0,0,0
2026-07-17T17:28:02,S1,1,S1 gen-giu,2025,1,D040,294,10,0,0,0
2026-07-17T17:28:37,S1B,1,S1 gen-giu,2025,1,A020,80,0,0,10,0
2026-07-17T17:28:57,S1,1,S1 gen-giu,2025,1,D040,295,10,0,0,0
2026-07-17T17:29:44,S1,1,S1 gen-giu,2025,1,D040,296,8,0,0,2
2026-07-17T17:30:06,S1B,1,S1 gen-giu,2025,1,A020,81,10,0,0,0
2026-07-17T17:30:41,S1,1,S1 gen-giu,2025,1,D040,297,10,0,0,0
2026-07-17T17:31:34,S1,1,S1 gen-giu,2025,1,D040,298,10,0,0,0
2026-07-17T17:32:37,S1,1,S1 gen-giu,2025,1,D040,299,10,0,0,0
2026-07-17T17:33:23,S1B,1,S1 gen-giu,2025,1,A020,82,0,0,10,0
2026-07-17T17:33:36,S1,1,S1 gen-giu,2025,1,D040,300,10,0,0,0
2026-07-17T17:34:24,S1B,1,S1 gen-giu,2025,1,A020,83,10,0,0,0
2026-07-17T17:34:32,S1,1,S1 gen-giu,2025,1,D040,301,9,0,0,1
2026-07-17T17:35:17,S1B,1,S1 gen-giu,2025,1,A020,84,10,0,0,0
2026-07-17T17:35:31,S1,1,S1 gen-giu,2025,1,D040,302,10,0,0,0
2026-07-17T17:36:11,S1B,1,S1 gen-giu,2025,1,A020,85,10,0,0,0
2026-07-17T17:36:28,S1,1,S1 gen-giu,2025,1,D040,303,10,0,0,0
2026-07-17T17:37:02,S1B,1,S1 gen-giu,2025,1,A020,86,9,0,0,1
2026-07-17T17:37:29,S1,1,S1 gen-giu,2025,1,D040,304,10,0,0,0
2026-07-17T17:38:27,S1,1,S1 gen-giu,2025,1,D040,305,10,0,0,0
2026-07-17T17:39:53,S1,1,S1 gen-giu,2025,1,D040,306,10,0,0,0
2026-07-17T17:40:55,S1,1,S1 gen-giu,2025,1,D040,307,10,0,0,0
2026-07-17T17:41:55,S1,1,S1 gen-giu,2025,1,D040,308,10,0,0,0
2026-07-17T17:42:02,S1B,1,S1 gen-giu,2025,1,A020,87,0,0,10,0
2026-07-17T17:42:57,S1,1,S1 gen-giu,2025,1,D040,309,10,0,0,0
2026-07-17T17:44:00,S1,1,S1 gen-giu,2025,1,D040,310,10,0,0,0
2026-07-17T17:45:04,S1,1,S1 gen-giu,2025,1,D040,311,10,0,0,0
2026-07-17T17:46:11,S1,1,S1 gen-giu,2025,1,D040,312,10,0,0,0
2026-07-17T17:47:15,S1,1,S1 gen-giu,2025,1,D040,313,10,0,0,0
2026-07-17T17:47:40,S1B,1,S1 gen-giu,2025,1,A020,86,0,0,10,0
2026-07-17T17:48:24,S1,1,S1 gen-giu,2025,1,D040,314,10,0,0,0
2026-07-17T17:49:02,S1B,1,S1 gen-giu,2025,1,A020,87,10,0,0,0
2026-07-17T17:49:27,S1,1,S1 gen-giu,2025,1,D040,315,10,0,0,0
2026-07-17T17:50:16,S1B,1,S1 gen-giu,2025,1,A020,88,10,0,0,0
2026-07-17T17:50:31,S1,1,S1 gen-giu,2025,1,D040,316,10,0,0,0
2026-07-17T17:51:29,S1,1,S1 gen-giu,2025,1,D040,317,10,0,0,0
2026-07-17T17:51:33,S1B,1,S1 gen-giu,2025,1,A020,89,10,0,0,0
2026-07-17T17:52:28,S1,1,S1 gen-giu,2025,1,D040,318,10,0,0,0
2026-07-17T17:52:41,S1B,1,S1 gen-giu,2025,1,A020,90,10,0,0,0
2026-07-20T09:06:37,S1,1,S1 gen-giu,2025,1,D040,318,0,0,10,0
2026-07-20T09:07:56,S1,1,S1 gen-giu,2025,1,D040,319,10,0,0,0
2026-07-20T09:08:59,S1,1,S1 gen-giu,2025,1,D040,320,10,0,0,0
2026-07-20T09:10:05,S1,1,S1 gen-giu,2025,1,D040,321,10,0,0,0
2026-07-20T09:13:03,S1,1,S1 gen-giu,2025,1,D040,321,0,0,10,0
2026-07-20T09:14:14,S1,1,S1 gen-giu,2025,1,D040,322,10,0,0,0
2026-07-20T09:29:05,S1,1,S1 gen-giu,2025,1,D040,320,0,0,10,0
2026-07-20T09:29:32,S1,1,S1 gen-giu,2025,1,D040,321,0,0,10,0
2026-07-20T09:30:16,S1,1,S1 gen-giu,2025,1,D040,322,0,0,10,0
2026-07-20T09:31:13,S1,1,S1 gen-giu,2025,1,D040,323,10,0,0,0
2026-07-20T10:33:59,S1,1,S1 gen-giu,2025,1,D040,320,0,0,10,0
2026-07-20T10:34:26,S1,1,S1 gen-giu,2025,1,D040,321,0,0,10,0
2026-07-20T10:34:52,S1,1,S1 gen-giu,2025,1,D040,322,0,0,10,0
2026-07-20T10:35:19,S1,1,S1 gen-giu,2025,1,D040,323,0,0,10,0
2026-07-20T10:36:02,S1,1,S1 gen-giu,2025,1,D040,324,5,0,5,0
2026-07-20T10:36:53,S1,1,S1 gen-giu,2025,1,D040,325,10,0,0,0
2026-07-20T10:37:48,S1,1,S1 gen-giu,2025,1,D040,326,10,0,0,0
2026-07-20T10:38:44,S1,1,S1 gen-giu,2025,1,D040,327,10,0,0,0
2026-07-20T10:39:30,S1,1,S1 gen-giu,2025,1,D040,328,9,0,1,0
2026-07-20T10:40:22,S1,1,S1 gen-giu,2025,1,D040,329,10,0,0,0
2026-07-20T10:41:10,S1,1,S1 gen-giu,2025,1,D040,330,10,0,0,0
2026-07-20T10:41:56,S1,1,S1 gen-giu,2025,1,D040,331,10,0,0,0
2026-07-20T10:42:38,S1,1,S1 gen-giu,2025,1,D040,332,9,0,1,0
2026-07-20T10:43:27,S1,1,S1 gen-giu,2025,1,D040,333,10,0,0,0
2026-07-20T10:44:13,S1,1,S1 gen-giu,2025,1,D040,334,10,0,0,0
2026-07-20T10:44:45,S1,1,S1 gen-giu,2025,1,D040,335,4,0,0,6
2026-07-20T10:45:33,S1,1,S1 gen-giu,2025,1,D040,336,10,0,0,0
2026-07-20T10:46:20,S1,1,S1 gen-giu,2025,1,D040,337,10,0,0,0
2026-07-20T11:21:59,S1B,1,S1 gen-giu,2025,1,A020,55,0,0,10,0
2026-07-20T11:43:03,S1,1,S1 gen-giu,2025,1,D040,320,0,0,10,0
2026-07-20T11:43:29,S1,1,S1 gen-giu,2025,1,D040,321,0,0,10,0
2026-07-20T11:43:56,S1,1,S1 gen-giu,2025,1,D040,322,0,0,10,0
2026-07-20T12:00:37,S1,1,S1 gen-giu,2025,1,D040,323,0,0,10,0
2026-07-20T12:11:53,S1,1,S1 gen-giu,2025,1,D040,324,0,0,10,0
2026-07-20T12:12:26,S1,1,S1 gen-giu,2025,1,D040,325,0,0,10,0
2026-07-20T14:05:09,S1,1,S1 gen-giu,2025,1,D040,326,0,0,10,0
2026-07-20T14:05:46,S1,1,S1 gen-giu,2025,1,D040,327,0,0,10,0
2026-07-20T14:06:22,S1,1,S1 gen-giu,2025,1,D040,328,0,0,10,0
2026-07-20T14:46:49,S1,1,S1 gen-giu,2025,1,D040,320,0,0,10,0
2026-07-20T14:47:14,S1,1,S1 gen-giu,2025,1,D040,321,0,0,10,0
2026-07-20T14:47:41,S1,1,S1 gen-giu,2025,1,D040,322,0,0,10,0
2026-07-20T14:48:07,S1,1,S1 gen-giu,2025,1,D040,323,0,0,10,0
2026-07-20T14:48:35,S1,1,S1 gen-giu,2025,1,D040,324,0,0,10,0
2026-07-20T14:49:02,S1,1,S1 gen-giu,2025,1,D040,325,0,0,10,0
2026-07-20T14:49:27,S1,1,S1 gen-giu,2025,1,D040,326,0,0,10,0
2026-07-20T14:49:55,S1,1,S1 gen-giu,2025,1,D040,327,0,0,10,0
2026-07-20T14:50:20,S1,1,S1 gen-giu,2025,1,D040,328,0,0,10,0
2026-07-20T14:50:47,S1,1,S1 gen-giu,2025,1,D040,329,0,0,10,0
2026-07-20T14:51:12,S1,1,S1 gen-giu,2025,1,D040,330,0,0,10,0
2026-07-20T14:51:39,S1,1,S1 gen-giu,2025,1,D040,331,0,0,10,0
2026-07-20T14:52:06,S1,1,S1 gen-giu,2025,1,D040,332,0,0,10,0
2026-07-20T14:52:32,S1,1,S1 gen-giu,2025,1,D040,333,0,0,10,0
2026-07-20T14:53:00,S1,1,S1 gen-giu,2025,1,D040,334,0,0,10,0
2026-07-20T14:53:26,S1,1,S1 gen-giu,2025,1,D040,335,0,0,4,6
2026-07-20T16:36:21,S1,1,S1 gen-giu,2025,1,D040,330,0,0,10,0
2026-07-20T17:40:07,S1,1,S1 gen-giu,2025,1,D040,330,0,0,10,0
2026-07-20T17:40:33,S1,1,S1 gen-giu,2025,1,D040,331,0,0,10,0
2026-07-20T17:51:52,S1,1,S1 gen-giu,2025,1,D040,330,0,0,10,0
2026-07-22T09:53:31,S1,1,S1 gen-giu,2025,1,D040,325,0,0,10,0
2026-07-22T09:53:56,S1,1,S1 gen-giu,2025,1,D040,326,0,0,10,0
2026-07-22T10:00:01,S1,1,S1 gen-giu,2025,1,D040,327,0,0,10,0
2026-07-22T10:00:41,S1,1,S1 gen-giu,2025,1,D040,328,0,0,10,0
2026-07-22T10:01:20,S1,1,S1 gen-giu,2025,1,D040,329,0,0,10,0
2026-07-22T10:01:57,S1,1,S1 gen-giu,2025,1,D040,330,0,0,10,0
2026-07-22T10:33:47,S1,1,S1 gen-giu,2025,1,D040,331,0,0,10,0
2026-07-22T10:34:44,S1,1,S1 gen-giu,2025,1,D040,332,0,0,10,0
2026-07-22T10:36:00,S1,1,S1 gen-giu,2025,1,D040,333,0,0,10,0
2026-07-22T11:24:19,S1,1,S1 gen-giu,2025,1,D040,334,0,0,10,0
2026-07-22T11:25:45,S1,1,S1 gen-giu,2025,1,D040,335,0,0,4,6
2026-07-22T11:27:28,S1,1,S1 gen-giu,2025,1,D040,336,0,0,10,0
2026-07-22T11:28:51,S1,1,S1 gen-giu,2025,1,D040,337,0,0,10,0
2026-07-22T11:37:05,S1,1,S1 gen-giu,2025,1,D040,338,10,0,0,0
2026-07-22T12:00:16,S1,1,S1 gen-giu,2025,1,D040,339,0,0,10,0
2026-07-22T12:11:40,S1,1,S1 gen-giu,2025,1,D040,339,10,0,0,0
2026-07-22T12:24:00,S1,1,S1 gen-giu,2025,1,D040,340,0,0,10,0
2026-07-22T12:32:20,S1,1,S1 gen-giu,2025,1,D040,341,10,0,0,0
2026-07-22T13:50:02,S1,1,S1 gen-giu,2025,1,D040,341,0,0,10,0
2026-07-22T13:57:55,S1,1,S1 gen-giu,2025,1,D040,342,10,0,0,0
2026-07-22T14:04:39,S1,1,S1 gen-giu,2025,1,D040,343,9,0,1,0
2026-07-22T14:14:58,S1,1,S1 gen-giu,2025,1,D040,1,3,0,7,0
2026-07-22T14:16:20,S1,1,S1 gen-giu,2025,1,D040,2,0,0,10,0
2026-07-22T14:18:10,S1,1,S1 gen-giu,2025,1,D040,3,0,0,10,0
2026-07-22T14:20:00,S1,1,S1 gen-giu,2025,1,D040,4,0,0,10,0
2026-07-22T14:22:02,S1,1,S1 gen-giu,2025,1,D040,5,0,0,10,0
2026-07-22T14:23:51,S1,1,S1 gen-giu,2025,1,D040,6,0,0,10,0
2026-07-22T14:25:35,S1,1,S1 gen-giu,2025,1,D040,7,0,0,10,0
2026-07-22T14:27:14,S1,1,S1 gen-giu,2025,1,D040,8,0,0,10,0
2026-07-22T14:29:37,S1,1,S1 gen-giu,2025,1,D040,9,0,0,10,0
2026-07-22T14:31:08,S1,1,S1 gen-giu,2025,1,D040,10,0,0,10,0
2026-07-22T14:32:41,S1,1,S1 gen-giu,2025,1,D040,11,0,0,10,0
2026-07-22T14:34:26,S1,1,S1 gen-giu,2025,1,D040,12,0,0,10,0
2026-07-22T14:35:58,S1,1,S1 gen-giu,2025,1,D040,13,0,0,10,0
2026-07-22T14:37:12,S1,1,S1 gen-giu,2025,1,D040,14,0,0,10,0
2026-07-22T14:38:25,S1,1,S1 gen-giu,2025,1,D040,15,0,0,10,0
2026-07-22T14:41:08,S1,1,S1 gen-giu,2025,1,D040,16,0,0,10,0
2026-07-22T14:42:09,S1,1,S1 gen-giu,2025,1,D040,344,0,0,10,0
2026-07-22T14:47:16,S1,1,S1 gen-giu,2025,1,D040,345,9,0,0,1
2026-07-22T14:52:23,S1,1,S1 gen-giu,2025,1,D040,346,9,0,1,0
2026-07-22T15:08:25,S1,1,S1 gen-giu,2025,1,D040,344,0,0,10,0
2026-07-22T15:09:07,S1,1,S1 gen-giu,2025,1,D040,345,0,0,9,1
2026-07-22T15:09:49,S1,1,S1 gen-giu,2025,1,D040,346,0,0,10,0
2026-07-22T15:11:31,S1,1,S1 gen-giu,2025,1,D040,347,2,0,8,0
2026-07-22T15:17:03,S1,1,S1 gen-giu,2025,1,D040,348,10,0,0,0
2026-07-22T15:21:58,S1,1,S1 gen-giu,2025,1,D040,349,9,0,1,0
2026-07-22T15:28:14,S1,1,S1 gen-giu,2025,1,D040,350,0,0,10,0
2026-07-22T15:34:08,S1,1,S1 gen-giu,2025,1,D040,351,10,0,0,0
2026-07-22T15:38:56,S1,1,S1 gen-giu,2025,1,D040,352,9,0,1,0
2026-07-22T15:45:02,S1,1,S1 gen-giu,2025,1,D040,350,0,0,10,0
2026-07-22T15:45:42,S1,1,S1 gen-giu,2025,1,D040,351,0,0,10,0
2026-07-22T15:46:21,S1,1,S1 gen-giu,2025,1,D040,352,0,0,10,0
2026-07-22T15:51:03,S1,1,S1 gen-giu,2025,1,D040,353,8,0,2,0
2026-07-22T15:56:29,S1,1,S1 gen-giu,2025,1,D040,354,10,0,0,0
2026-07-22T16:04:07,S1,1,S1 gen-giu,2025,1,D040,354,0,0,10,0
2026-07-22T16:09:40,S1,1,S1 gen-giu,2025,1,D040,355,10,0,0,0
2026-07-22T16:15:08,S1,1,S1 gen-giu,2025,1,D040,356,10,0,0,0
2026-07-22T16:23:03,S1,1,S1 gen-giu,2025,1,D040,357,0,0,10,0
2026-07-22T16:28:40,S1,1,S1 gen-giu,2025,1,D040,358,10,0,0,0
2026-07-22T16:33:44,S1,1,S1 gen-giu,2025,1,D040,359,9,0,1,0
2026-07-22T16:43:31,S1,1,S1 gen-giu,2025,1,D040,357,0,0,10,0
2026-07-22T16:44:16,S1,1,S1 gen-giu,2025,1,D040,358,0,0,10,0
2026-07-22T16:56:48,S1,1,S1 gen-giu,2025,1,D040,357,0,0,10,0
2026-07-22T16:57:33,S1,1,S1 gen-giu,2025,1,D040,358,0,0,10,0
2026-07-22T16:58:14,S1,1,S1 gen-giu,2025,1,D040,359,0,0,10,0
2026-07-22T17:32:10,S1,1,S1 gen-giu,2025,1,D040,353,0,0,10,0
2026-07-22T17:32:49,S1,1,S1 gen-giu,2025,1,D040,354,0,0,10,0
